No.;E(HOMO);E(LUMO);He8_steric;PA;Q(B);BE(B);P-B;ΔP-A(B);ΔA−P-A(B);Q(Au);BE(Au);Au-Cl;Au-P;ΔP-A(Au);ΔA−P-A(Au);Q(Pd);BE(Pd);Pd-Cl trans;P-Pd;ΔP-A(Pd);ΔA−P-A(Pd);Q(Pt);BE(Pt);P-Pt;ΔP-A(Pt);ΔA−P-A(Pt);<(H3P)Pt(PH3);S4';;;;;
1;-0,24636;-0,00029;2,30;190,60;-0,590;26,10;1,941;-0,013;6,3;-0,242;58,40;2,288;2,257;-0,014;6,6;-1,260;29,10;2,357;2,244;-0,008;5,4;-0,014;8,80;2,328;-0,001;1,5;109,4;66,9;;;;;
2;-0,19045;0,03268;3,00;233,00;-0,680;39,20;1,926;-0,028;4,6;-0,314;72,42;2,309;2,272;-0,026;5,0;-1,330;38,50;2,378;2,268;-0,021;3,4;-0,061;12,90;2,331;-0,010;1,3;107,5;39,4;;;;;
3;-0,27742;-0,05837;3,00;182,30;-0,560;26,30;1,915;-0,002;3,4;-0,176;57,39;2,281;2,241;0,006;3,0;-1,120;32,30;2,343;2,244;0,023;-0,3;0,137;22,80;2,250;0,008;-0,1;109,0;52,2;;;;;
4;-0,26620;-0,11270;20,66;194,04;-0,538;22,51;1,924;-0,005;2,1;-0,123;55,02;2,288;2,254;0,004;2,2;-1,017;16,38;2,342;2,318;0,045;-1,6;0,269;16,58;2,260;0,046;-2,4;106,6;28,7;;;;;
5;-0,18723;0,02584;6,00;239,10;-0,680;39,00;1,934;-0,027;4,8;-0,321;74,62;2,318;2,280;-0,025;5,3;-1,300;37,00;2,378;2,289;-0,013;2,5;-0,065;17,10;2,338;-0,010;1,6;107,4;39,0;;;;;
6;-0,27210;-0,07070;9,92;188,82;-0,555;24,35;1,924;0,003;2,7;-0,163;57,65;2,286;2,246;0,009;2,7;-1,092;27,71;2,340;2,269;0,030;-1,9;0,154;20,39;2,263;0,021;-1,3;108,1;39,9;;;;;
7;-0,23430;-0,01640;7,46;211,79;-0,618;32,02;1,923;-0,024;3,4;-0,234;64,39;2,298;2,261;-0,023;3,8;-1,212;40,13;2,353;2,266;-0,015;3,2;0,035;16,55;2,303;0,000;-0,3;108,3;38,4;;;;;
8;-0,21290;-0,08380;11,62;206,82;-0,587;25,07;1,976;0,011;0,7;-0,243;59,31;2,303;2,277;0,033;-0,3;-1,206;30,88;2,362;2,281;0,024;-5,5;0,084;13,95;2,351;-0,004;1,1;110,8;26,9;;;;;
9;-0,18767;0,02530;6,10;241,90;-0,680;39,20;1,934;-0,029;5,1;-0,323;74,98;2,318;2,279;-0,026;5,4;-1,300;37,30;2,377;2,288;-0,014;2,5;-0,063;16,60;2,342;-0,012;1,9;107,3;39,2;;;;;
10;-0,17950;0,02410;12,18;244,60;-0,690;38,60;1,941;-0,024;4,0;-0,322;74,56;2,320;2,284;-0,020;4,7;-1,270;37,17;2,381;2,317;-0,014;2,4;-0,056;14,40;2,367;-0,001;0,1;106,7;28,4;;;;;
11;-0,22960;-0,04100;9,14;220,18;-0,645;33,85;1,927;-0,023;6,2;-0,277;67,04;2,302;2,273;-0,024;6,5;-1,222;42,41;2,358;2,284;-0,019;5,0;0,004;15,44;2,329;-0,005;2,3;106,3;28,4;;;;;
12;-0,19890;0,01440;6,05;236,71;-0,686;39,18;1,932;-0,028;5,0;-0,320;73,94;2,318;2,281;-0,027;5,3;-1,286;43,52;2,372;2,289;-0,016;2,8;-0,054;17,05;2,339;-0,010;1,4;107,2;38,0;;;;;
13;-0,18653;0,02738;6,10;243,30;-0,680;39,10;1,934;-0,026;4,7;-0,324;75,18;2,320;2,281;-0,024;5,2;-1,300;37,20;2,377;2,287;-0,011;2,2;-0,062;16,70;2,342;-0,010;1,6;107,4;40,2;;;;;
14;-0,18500;0,02300;19,13;241,73;-0,682;34,31;1,939;-0,023;6,6;-0,313;69,85;2,319;2,281;-0,020;7,0;-1,305;35,63;2,378;2,288;-0,018;5,5;-0,053;9,06;2,358;-0,005;2,4;106,0;32,7;;;;;
15;-0,17500;0,02350;37,82;247,52;-0,680;35,31;1,950;-0,019;2,5;-0,305;73,28;2,324;2,293;-0,017;3,0;-1,257;30,03;2,379;2,337;0,004;1,2;-0,056;11,65;2,372;-0,002;1,1;107,2;27,2;;;;;
16;-0,17267;0,02754;23,38;250,80;-0,690;39,60;1,958;-0,018;2,3;-0,319;81,87;2,328;2,300;-0,011;2,6;-1,200;23,90;2,382;2,418;0,016;-0,9;-0,044;9,80;2,390;0,017;-0,8;105,4;7,4;;;;;
17;-0,18800;-0,04670;7,66;229,54;-0,626;32,44;1,937;-0,015;3,2;-0,270;66,01;2,305;2,267;-0,014;3,4;-1,239;29,33;2,361;2,276;0,000;-0,2;-0,001;14,52;2,324;0,004;-0,4;109,8;34,7;;;;;
18;-0,18920;0,02080;4,46;247,91;-0,647;36,26;1,929;-0,019;3,9;-0,291;71,21;2,314;2,271;-0,012;4,1;-1,294;40,90;2,375;2,274;0,002;2,6;-0,029;16,16;2,326;0,001;1,2;108,7;22,7;;;;;
19;-0,18340;0,01900;31,31;243,63;-0,685;34,32;1,950;-0,020;2,1;-0,293;71,70;2,322;2,290;-0,021;2,6;-1,282;28,25;2,377;2,308;-0,017;6,5;-0,017;4,30;2,365;0,005;-2,3;104,3;48,6;;;;;
20;-0,18110;0,01970;9,22;248,53;-0,683;39,83;1,940;-0,023;3,7;-0,324;76,60;2,322;2,284;-0,021;4,3;-1,262;35,27;2,378;2,322;-0,002;0,6;-0,067;15,11;2,354;-0,004;0,5;105,3;33,3;;;;;
21;-0,17680;0,02590;16,65;250,40;-0,690;38,80;1,941;-0,024;3,5;-0,326;74,83;2,322;2,289;-0,018;4,8;-1,270;36,79;2,380;2,315;-0,013;2,4;-0,055;13,32;2,369;-0,001;0,3;106,8;28,6;;;;;
22;-0,19620;-0,03820;12,65;241,61;-0,676;36,74;1,965;-0,028;4,5;-0,304;70,63;2,317;2,278;-0,022;5,9;-1,270;38,76;2,370;2,287;-0,019;4,5;-0,006;13,28;2,326;0,001;-0,2;107,5;38,1;;;;;
23;-0,23210;-0,05150;2,11;192,22;-0,574;24,91;1,946;-0,008;5,2;-0,228;57,22;2,290;2,256;-0,003;5,0;-1,221;29,89;2,352;2,247;-0,004;3,5;0,033;10,53;2,317;-0,001;1,0;109,9;61,1;;;;;
24;-0,20360;0,01940;2,64;221,85;-0,657;36,07;1,927;-0,026;5,2;-0,298;68,43;2,304;2,267;-0,022;5,0;-1,322;36,52;2,371;2,251;-0,018;4,3;-0,056;12,02;2,325;-0,008;1,1;107,6;45,2;;;;;
25;-0,22168;-0,00541;2,09;214,57;-0,638;34,41;1,921;-0,017;4,7;-0,264;66,56;2,300;2,258;-0,022;3,8;-1,256;36,33;2,362;2,257;-0,004;2,6;-0,001;18,08;2,304;-0,000;0,9;107,9;46,5;;;;;
26;-0,18910;0,02860;3,61;235,15;-0,680;39,34;1,929;-0,027;4,8;-0,314;72,89;2,312;2,268;-0,024;4,5;-1,323;38,73;2,377;2,269;-0,020;3,4;-0,069;16,79;2,336;-0,010;1,4;107,1;38,4;;;;;
27;-0,18500;-0,06190;2,96;223,05;-0,663;34,96;1,932;-0,007;1,6;-0,296;68,45;2,309;2,272;0,000;1,1;-1,278;38,25;2,369;2,276;-0,003;0,5;-0,013;16,69;2,331;-0,007;1,2;108,3;42,5;;;;;
28;-0,18850;0,02650;3,87;236,07;-0,680;39,21;1,930;-0,027;4,7;-0,316;73,04;2,313;2,275;-0,025;4,7;-1,321;39,30;2,377;2,271;-0,019;3,3;-0,068;16,26;2,339;-0,010;1,1;107,1;38,8;;;;;
29;-0,18530;0,02970;3,86;237,75;-0,678;39,65;1,931;-0,027;4,2;-0,315;73,33;2,314;2,276;-0,023;4,2;-1,310;38,86;2,376;2,282;-0,019;2,8;-0,067;16,88;2,341;-0,009;1,2;107,7;31,4;;;;;
30;-0,18486;0,03150;4,68;239,37;-0,676;39,62;1,935;-0,027;4,2;-0,311;73,30;2,315;2,277;-0,022;4,1;-1,304;37,70;2,377;2,288;-0,016;2,3;-0,061;15,68;2,343;-0,008;0,9;106,5;31,6;;;;;
31;-0,19230;-0,03290;4,59;236,79;-0,675;38,48;1,930;-0,029;4,7;-0,310;72,19;2,313;2,271;-0,026;4,7;-1,304;39,64;2,374;2,272;-0,021;3,4;-0,054;15,55;2,338;-0,010;1,1;107,9;39,3;;;;;
32;-0,25083;-0,03323;2,71;197,71;-0,601;30,06;1,918;-0,016;4,1;-0,217;61,58;2,291;2,250;0,001;3,8;-1,188;34,55;2,351;2,253;-0,001;1,0;0,065;20,03;2,280;0,004;0,3;107,8;50,8;;;;;
33;-0,18810;0,02650;4,31;237,21;-0,683;39,33;1,930;-0,026;4,8;-0,318;73,62;2,315;2,275;-0,026;4,9;-1,302;36,32;2,376;2,289;-0,013;2,6;-0,067;16,97;2,335;-0,011;1,6;107,2;39,4;;;;;
34;-0,19870;-0,07380;3,14;213,89;-0,613;28,90;1,956;0,001;2,9;-0,258;62,55;2,305;2,272;0,017;2,1;-1,235;36,21;2,365;2,272;0,012;-0,6;0,043;15,57;2,339;-0,006;1,6;110,5;35,4;;;;;
35;-0,18020;0,02260;5,36;242,47;-0,681;40,55;1,935;-0,027;3,5;-0,320;75,10;2,317;2,281;-0,022;3,7;-1,305;39,90;2,377;2,294;-0,017;2,1;-0,058;12,95;2,350;-0,003;0,4;106,6;20,9;;;;;
36;-0,17840;0,02300;19,69;245,86;-0,681;38,12;1,946;-0,018;2,8;-0,315;74,86;2,321;2,288;-0,020;3,6;-1,275;34,79;2,379;2,321;-0,005;1,7;-0,064;11,97;2,366;-0,001;0,3;105,8;25,3;;;;;
37;-0,17790;0,02220;18,53;246,58;-0,685;39,22;1,946;-0,020;2,9;-0,317;75,82;2,322;2,290;-0,018;3,5;-1,253;35,72;2,380;2,334;-0,002;0,5;-0,050;12,41;2,371;0,007;-0,3;105,9;22,7;;;;;
38;-0,17610;0,02290;25,93;246,89;-0,684;38,60;1,949;-0,021;3,1;-0,312;74,15;2,322;2,290;-0,017;3,2;-1,267;30,17;2,378;2,334;0,002;1,3;-0,050;12,51;2,376;0,003;0,0;106,4;26,5;;;;;
39;-0,17520;0,02270;16,68;248,60;-0,679;36,78;1,949;-0,018;2,7;-0,313;74,31;2,324;2,292;-0,017;3,2;-1,285;31,24;2,379;2,323;0,000;3,4;-0,050;11,93;2,378;0,004;0,2;106,8;23,9;;;;;
40;-0,17880;0,02253;15,00;245,67;-0,683;40,20;1,946;-0,024;2,9;-0,316;75,27;2,319;2,288;-0,021;3,2;-1,266;35,99;2,379;2,332;-0,008;0,5;-0,058;13,38;2,371;0,000;-0,4;109,3;20,3;;;;;
41;-0,17250;0,02830;20,96;250,18;-0,686;40,02;1,955;-0,018;2,2;-0,324;76,39;2,323;2,297;-0,014;2,8;-1,200;21,83;2,379;2,430;0,018;-1,4;-0,053;9,46;2,379;0,012;-0,9;104,8;8,0;;;;;
42;-0,17660;0,02200;30,21;248,25;-0,679;36,76;1,964;-0,015;1,9;-0,310;74,68;2,322;2,301;-0,016;2,8;-1,241;29,09;2,379;2,356;0,002;0,7;-0,048;7,93;2,404;0,014;-1,7;103,4;23,5;;;;;
43;-0,17270;0,02600;22,86;250,62;-0,686;38,69;1,955;-0,012;3,1;-0,325;75,27;2,324;2,298;-0,007;3,6;-1,249;33,95;2,379;2,364;0,004;1,3;-0,053;8,24;2,384;0,020;0,1;104,8;5,3;;;;;
44;-0,18216;-0,03031;22,57;247,13;-0,681;38,06;1,950;-0,016;3,0;-0,312;74,50;2,322;2,291;-0,014;3,6;-1,241;35,82;2,376;2,342;0,002;1,0;-0,037;11,25;2,371;0,016;-0,5;103,6;21,2;;;;;
45;-0,17060;0,02320;30,37;253,62;-0,691;39,83;1,959;-0,019;2,3;-0,322;76,54;2,326;2,301;-0,012;2,6;-1,194;23,50;2,378;2,429;0,019;-0,8;-0,045;9,53;2,389;0,017;-0,8;105,1;6,0;;;;;
46;-0,17170;0,02080;28,52;250,35;-0,689;36,10;1,959;-0,019;5,9;-0,334;72,50;2,325;2,303;-0,015;6,3;-1,229;28,69;2,378;2,389;-0,005;3,7;-0,074;7,48;2,391;0,009;2,9;104,9;-3,7;;;;;
47;-0,18060;0,01560;27,50;244,77;-0,676;34,55;1,956;-0,016;1,6;-0,298;72,84;2,322;2,293;-0,018;2,5;-1,231;28,29;2,376;2,339;-0,002;0,4;-0,036;7,30;2,385;0,009;-2,1;104,1;43,4;;;;;
48;-0,18160;0,02780;7,82;245,42;-0,681;39,60;1,937;-0,026;3,9;-0,321;75,24;2,322;2,284;-0,024;4,3;-1,298;39,29;2,376;2,295;-0,017;2,2;-0,061;15,38;2,352;-0,007;1,0;106,8;31,2;;;;;
49;-0,17630;0,02320;20,75;249,48;-0,680;38,11;1,950;-0,020;2,8;-0,318;74,98;2,323;2,290;-0,019;3,5;-1,272;34,86;2,378;2,324;-0,003;1,5;-0,065;11,30;2,373;0,003;0,1;105,9;24,8;;;;;
50;-0,17300;0,02450;18,49;252,65;-0,685;41,25;1,946;-0,023;3,3;-0,320;78,42;2,324;2,292;-0,021;3,7;-1,250;38,23;2,380;2,337;-0,004;0,8;-0,051;14,13;2,376;0,005;0,1;106,0;21,9;;;;;
51;-0,18969;-0,03612;15,37;244,28;-0,680;35,32;1,947;-0,022;5,8;-0,312;70,21;2,319;2,289;-0,019;6,2;-1,263;36,71;2,372;2,309;-0,010;4,7;-0,026;7,45;2,353;0,005;2,5;106,4;19,1;;;;;
52;-0,17780;-0,02880;26,39;252,42;-0,684;37,47;1,950;-0,012;2,5;-0,311;74,69;2,325;2,296;-0,012;3,0;-1,240;36,17;2,377;2,345;0,004;0,8;-0,032;11,05;2,378;0,019;-1,1;104,6;21,6;;;;;
53;-0,18720;0,00370;11,29;242,71;-0,662;36,27;1,952;-0,017;3,9;-0,309;73,02;2,317;2,284;-0,016;4,3;-1,290;36,63;2,377;2,282;-0,007;1,9;-0,050;13,60;2,366;0,007;0,2;106,5;31,4;;;;;
54;-0,17310;0,01900;19,31;253,11;-0,687;39,39;1,951;-0,017;3,0;-0,325;76,51;2,325;2,295;-0,016;3,3;-1,267;36,45;2,377;2,333;-0,004;0,8;-0,059;13,61;2,384;0,010;-0,3;105,5;17,6;;;;;
55;-0,16900;0,02060;32,18;256,19;-0,691;39,84;1,959;-0,016;2,4;-0,324;76,88;2,327;2,304;-0,011;2,7;-1,194;23,88;2,378;2,436;0,021;-0,7;-0,043;8,60;2,397;0,016;-1,5;105,3;5,9;;;;;
56;-0,19257;-0,05300;3,80;230,40;-0,650;35,40;1,938;-0,013;3,3;-0,294;68,89;2,311;2,275;-0,011;3,7;-1,270;34,30;2,371;2,276;-0,004;1,6;-0,005;13,10;2,339;-0,001;0,3;108,7;35,7;;;;;
57;-0,19630;-0,03680;3,66;232,11;-0,676;38,37;1,928;-0,026;4,9;-0,313;71,85;2,310;2,273;-0,025;5,1;-1,308;36,58;2,373;2,276;-0,017;2,9;-0,064;16,40;2,338;-0,009;1,3;107,4;41,2;;;;;
58;-0,25390;-0,07720;4,12;198,26;-0,605;29,28;1,921;-0,009;4,1;-0,221;61,39;2,291;2,254;-0,004;3,9;-1,176;31,62;2,350;2,261;0,010;0,3;0,068;19,78;2,284;0,007;-0,1;108,1;53,5;;;;;
59;-0,18960;-0,05260;5,59;238,11;-0,648;36,07;1,939;-0,015;3,1;-0,295;69,82;2,313;2,280;-0,014;3,4;-1,229;31,32;2,367;2,297;0,002;0,9;0,010;13,10;2,335;0,000;0,2;108,4;31,9;;;;;
60;-0,17950;-0,06030;24,22;252,72;-0,659;34,08;1,947;-0,017;2,5;-0,299;72,70;2,329;2,287;-0,017;3,1;-1,216;29,76;2,376;2,322;0,008;-0,7;-0,029;8,15;2,362;0,012;-1,3;105,3;40,0;;;;;
61;-0,17130;-0,04080;44,88;254,68;-0,670;33,69;1,954;-0,012;1,9;-0,300;72,53;2,331;2,296;-0,009;2,5;-1,193;17,14;2,380;2,364;0,037;-0,6;-0,039;2,99;2,402;0,025;-1,5;102,2;14,7;;;;;
62;-0,18280;0,00920;12,28;246,76;-0,616;29,23;2,017;0,012;4,3;-0,313;69,49;2,327;2,314;0,024;4,6;-1,232;28,35;2,376;2,361;0,032;3,8;-0,074;3,26;2,423;0,006;0,4;108,0;5,2;;;;;
63;-0,18694;-0,05061;8,00;241,30;-0,650;36,50;1,941;-0,016;2,9;-0,296;70,61;2,310;2,278;-0,015;3,0;-1,230;31,90;2,368;2,304;0,001;0,0;0,005;16,90;2,332;0,002;0,1;108,2;32,6;;;;;
64;-0,19280;-0,05780;11,07;238,03;-0,622;31,66;1,945;-0,015;4,1;-0,268;66,66;2,310;2,275;-0,017;4,3;-1,217;28,07;2,362;2,283;-0,003;1,9;0,021;13,27;2,344;0,001;1,5;108,7;33,4;;;;;
65;-0,20000;-0,06300;7,44;233,90;-0,643;35,34;1,937;-0,016;3,1;-0,279;68,04;2,306;2,274;-0,014;3,1;-1,200;33,34;2,361;2,295;0,002;0,2;0,027;17,38;2,331;0,004;0,0;108,3;33,7;;;;;
66;-0,19301;-0,05593;8,30;236,50;-0,650;36,20;1,941;-0,017;3,1;-0,291;69,28;2,311;2,275;-0,016;3,0;-1,210;35,30;2,365;2,301;-0,001;0,0;0,008;16,80;2,336;0,002;-0,2;108,1;32,7;;;;;
67;-0,19610;-0,06420;23,63;235,41;-0,610;24,57;1,959;-0,005;4,4;-0,249;61,03;2,311;2,293;-0,008;4,8;-1,196;21,30;2,361;2,295;0,008;2,6;0,047;5,72;2,348;0,013;1,9;108,7;28,4;;;;;
68;-0,20690;-0,07120;8,24;231,33;-0,637;33,82;1,936;-0,016;3,0;-0,269;66,16;2,306;2,274;-0,014;2,9;-1,180;33,63;2,356;2,289;0,001;-0,1;0,060;14,17;2,318;0,005;-0,7;107,0;35,4;;;;;
69;-0,20113;-0,07005;8,20;232,80;-0,640;35,10;1,937;-0,017;2,9;-0,281;67,69;2,309;2,273;-0,014;2,9;-1,190;37,10;2,360;2,295;0,002;-0,1;0,026;17,00;2,333;0,000;-0,1;108,6;33,7;;;;;
70;-0,22448;-0,09064;11,60;219,00;-0,560;26,30;1,946;-0,005;0,1;-0,204;59,34;2,299;2,267;-0,009;0,7;-1,130;32,70;2,343;2,259;0,008;-2,3;0,106;11,90;2,321;0,017;-3,4;108,6;35,7;;;;;
71;-0,22280;-0,09930;6,31;225,36;-0,621;33,34;1,934;-0,015;1,9;-0,246;65,03;2,301;2,271;-0,014;2,1;-1,129;47,59;2,345;2,319;-0,005;1,0;0,098;17,52;2,309;0,008;-1,0;107,2;34,6;;;;;
72;-0,18250;-0,05760;5,35;244,58;-0,599;30,80;1,946;-0,002;3,2;-0,260;66,50;2,315;2,269;-0,005;2,0;-1,244;31,38;2,368;2,288;0,002;-0,4;0,064;12,60;2,324;0,002;0,2;111,7;35,0;;;;;
73;-0,18170;-0,04870;30,11;244,10;-0,650;30,20;1,977;-0,003;1,0;-0,287;67,07;2,320;2,294;-0,004;2,2;-1,230;25,85;2,382;2,323;0,008;1,1;0,008;6,33;2,376;0,018;-0,8;108,7;31,0;;;;;
74;-0,18275;-0,04686;8,07;245,55;-0,657;37,15;1,941;-0,016;3,1;-0,305;71,10;2,317;2,280;-0,015;3,5;-1,228;31,32;2,369;2,306;0,001;0,0;-0,004;16,07;2,337;0,001;0,4;108,4;32,9;;;;;
75;-0,18042;-0,05171;6,60;247,60;-0,650;38,20;1,940;-0,019;3,0;-0,304;72,89;2,312;2,279;-0,017;3,5;-1,230;32,10;2,370;2,299;-0,001;-0,4;-0,009;18,30;2,346;-0,003;0,3;109,0;33,6;;;;;
76;-0,16578;-0,03693;16,47;257,35;-0,621;30,69;1,977;-0,012;2,4;-0,289;70,35;2,329;2,282;-0,014;2,9;-1,257;22,46;2,379;2,308;-0,004;0,7;-0,018;8,22;2,365;0,002;2,2;110,2;35,7;;;;;
77;-0,17960;-0,04910;7,73;244,65;-0,644;35,62;1,940;-0,017;2,8;-0,293;70,00;2,315;2,276;-0,015;3,0;-1,227;30,21;2,364;2,284;-0,003;0,0;0,013;15,94;2,335;0,000;0,0;108,7;33,5;;;;;
78;-0,16792;-0,03707;8,30;251,60;-0,660;37,90;1,942;-0,019;3,1;-0,314;72,39;2,319;2,278;-0,016;3,4;-1,240;30,70;2,374;2,305;-0,001;0,0;-0,023;16,20;2,345;-0,001;0,5;108,8;31,7;;;;;
79;-0,20150;-0,07330;30,68;233,90;-0,614;21,27;1,965;-0,002;5,8;-0,250;59,11;2,311;2,290;-0,001;6,2;-1,182;18,41;2,358;2,310;0,006;4,0;0,049;3,30;2,351;0,022;3,5;107,3;22,8;;;;;
80;-0,21324;-0,08464;7,70;227,20;-0,630;34,50;1,937;-0,015;2,8;-0,272;66,76;2,303;2,274;-0,014;3,0;-1,180;38,40;2,357;2,291;0,003;-0,2;0,046;17,10;2,329;0,000;0,1;108,5;34,2;;;;;
81;-0,14170;-0,02166;8,60;264,80;-0,670;39,60;1,945;-0,021;3,3;-0,337;76,15;2,326;2,286;-0,021;4,2;-1,270;28,00;2,378;2,311;-0,004;0,2;-0,041;13,10;2,355;-0,003;0,8;109,1;31,4;;;;;
82;-0,23006;-0,10175;7,20;202,00;-0,620;33,20;1,933;-0,015;2,7;-0,248;64,06;2,300;2,273;-0,009;3,0;-1,150;25,50;2,349;2,289;0,004;-0,3;0,076;18,80;2,318;-0,001;0,0;108,1;34,8;;;;;
83;-0,17410;-0,04380;8,40;251,85;-0,659;38,07;1,941;-0,019;3,2;-0,313;73,01;2,318;2,280;-0,020;3,5;-1,245;32,49;2,370;2,299;-0,004;0,7;-0,017;17,06;2,347;-0,002;0,7;108,9;31,4;;;;;
84;-0,18030;-0,04750;8,16;247,20;-0,658;36,83;1,943;-0,012;3,1;-0,305;71,23;2,317;2,283;-0,013;3,2;-1,232;32,64;2,367;2,302;0,001;0,4;-0,005;14,80;2,346;0,004;0,6;108,7;29,2;;;;;
85;-0,14900;-0,05170;9,74;252,81;-0,658;37,46;1,946;-0,018;3,4;-0,326;73,41;2,323;2,277;-0,022;4,6;-1,214;36,35;2,367;2,336;-0,003;0,3;-0,026;13,01;2,369;0,000;-0,4;106,4;26,5;;;;;
86;-0,17870;-0,07330;23,53;245,24;-0,633;29,77;1,967;-0,001;3,8;-0,285;66,11;2,318;2,297;-0,005;4,5;-1,224;25,84;2,362;2,301;0,010;1,8;0,023;8,22;2,371;0,017;1,5;108,0;21,9;;;;;
87;-0,20410;-0,06540;8,35;236,40;-0,631;34,96;1,938;-0,018;3,0;-0,271;68,55;2,309;2,277;-0,018;3,5;-1,203;35,28;2,360;2,290;0,001;0,3;0,032;17,00;2,337;0,003;0,0;108,6;32,0;;;;;
88;-0,20000;-0,07830;7,72;235,26;-0,642;34,99;1,938;-0,015;3,1;-0,280;67,87;2,308;2,275;-0,013;3,3;-1,159;41,20;2,359;2,305;-0,008;1,2;0,032;17,31;2,331;0,004;0,1;108,4;31,3;;;;;
89;-0,18580;-0,05110;12,29;242,51;-0,650;34,97;1,949;-0,012;2,6;-0,295;69,66;2,316;2,285;-0,013;3,0;-1,220;31,60;2,369;2,308;0,003;-0,1;0,007;14,41;2,349;0,005;0,0;108,5;28,0;;;;;
90;-0,17894;-0,04708;9,14;246,61;-0,647;35,25;1,946;-0,015;2,9;-0,297;70,14;2,319;2,279;-0,018;3,3;-1,230;28,96;2,370;2,309;0,000;0,1;-0,003;13,56;2,345;0,002;0,4;109,1;34,7;;;;;
91;-0,18360;-0,08280;12,60;245,38;-0,626;31,61;1,954;-0,010;2,7;-0,275;68,79;2,317;2,284;-0,013;2,9;-1,210;27,96;2,368;2,315;0,001;0,2;0,015;13,09;2,355;0,002;0,6;109,1;36,0;;;;;
92;-0,19460;-0,08290;8,00;237,81;-0,646;35,80;1,941;-0,015;2,8;-0,289;69,23;2,313;2,278;-0,013;3,0;-1,205;33,18;2,363;2,301;0,002;-0,1;0,028;13,01;2,336;0,002;-0,1;108,4;33,1;;;;;
93;-0,15410;-0,05080;8,50;244,71;-0,655;36,81;1,940;-0,019;3,3;-0,308;71,71;2,314;2,273;-0,020;4,1;-1,227;33,66;2,366;2,308;0,002;0,2;-0,008;14,16;2,351;0,003;-0,1;107,1;35,9;;;;;
94;-0,21320;-0,07800;9,22;226,39;-0,601;30,43;1,940;-0,013;2,3;-0,238;63,31;2,303;2,273;-0,016;2,7;-1,165;29,70;2,352;2,292;0,010;0,1;0,085;12,00;2,337;0,008;-1,3;109,0;32,9;;;;;
95;-0,18360;-0,05050;20,52;243,55;-0,652;32,77;1,967;-0,008;1,9;-0,291;68,67;2,318;2,290;-0,010;2,5;-1,224;30,03;2,370;2,309;0,009;-0,6;0,014;10,90;2,370;0,011;-0,5;108,7;34,0;;;;;
96;-0,17214;-0,04159;14,43;252,06;-0,632;33,00;1,961;-0,012;2,4;-0,298;70,52;2,325;2,283;-0,017;3,6;-1,242;24,65;2,376;2,297;-0,001;0,7;-0,013;10,86;2,357;0,002;2,0;109,4;33,5;;;;;
97;-0,18900;-0,04768;4,83;239,20;-0,666;37,62;1,933;0,009;4,1;-0,304;70,77;2,313;2,276;0,011;4,2;-1,256;35,33;2,369;2,286;0,023;1,0;-0,019;16,02;2,333;0,026;1,1;108,4;34,6;;;;;
98;-0,22080;-0,06850;3,78;225,59;-0,639;33,94;1,934;-0,012;2,8;-0,266;67,08;2,304;2,272;-0,009;3,1;-1,200;31,75;2,357;2,278;0,007;-1,9;0,038;18,85;2,311;0,004;-1,4;108,0;35,9;;;;;
99;-0,18807;-0,04780;5,41;240,76;-0,667;37,54;1,935;-0,020;4,0;-0,303;71,36;2,315;2,277;-0,017;4,0;-1,244;33,94;2,371;2,304;-0,005;1,1;-0,024;16,11;2,339;-0,001;0,9;108,0;34,3;;;;;
100;-0,18440;-0,06640;4,00;229,94;-0,671;33,91;1,936;0,002;1,0;-0,286;67,09;2,310;2,279;0,003;1,7;-1,220;35,39;2,364;2,277;0,015;-0,8;0,030;16,35;2,339;0,004;0,0;109,2;32,0;;;;;
101;-0,19050;-0,05080;9,38;242,07;-0,674;37,52;1,938;-0,020;3,3;-0,305;72,60;2,316;2,281;-0,019;3,8;-1,232;33,79;2,370;2,311;0,001;0,3;-0,025;15,63;2,353;0,002;0,1;107,1;33,8;;;;;
102;-0,18460;-0,05350;9,22;245,31;-0,669;37,62;1,951;-0,016;2,6;-0,307;71,75;2,317;2,298;-0,016;3,5;-1,228;31,75;2,368;2,325;0,000;0,2;-0,005;14,36;2,359;0,004;-1,2;106,9;20,8;;;;;
103;-0,18980;-0,05010;10,85;244,14;-0,654;36,65;1,942;-0,021;4,4;-0,306;71,90;2,316;2,281;-0,018;3,9;-1,227;33,91;2,371;2,289;-0,009;2,1;-0,021;14,85;2,347;0,001;0,4;107,2;33,2;;;;;
104;-0,18910;-0,04910;6,78;241,96;-0,660;36,61;1,937;-0,019;3,9;-0,298;70,99;2,314;2,274;-0,018;4,2;-1,237;34,73;2,367;2,297;-0,008;1,0;-0,008;15,72;2,341;0,007;-0,1;107,7;36,6;;;;;
105;-0,18830;-0,05100;10,85;246,28;-0,671;36,86;1,945;-0,016;4,0;-0,301;72,51;2,317;2,285;-0,020;4,0;-1,234;32,18;2,369;2,311;0,002;0,6;-0,009;12,44;2,351;0,005;0,1;106,0;35,2;;;;;
106;-0,20950;-0,07950;12,69;229,53;-0,604;29,96;1,947;-0,006;1,2;-0,240;64,70;2,305;2,283;-0,009;1,9;-1,177;29,81;2,356;2,297;0,018;-0,5;0,063;11,66;2,339;0,020;-2,0;108,2;22,7;;;;;
107;-0,18840;-0,03937;3,23;237,05;-0,675;39,29;1,929;-0,024;5,2;-0,310;72,21;2,311;2,271;-0,021;5,0;-1,288;37,28;2,372;2,278;-0,014;3,1;-0,040;16,53;2,330;-0,008;2,1;108,3;36,1;;;;;
108;-0,24320;-0,07670;6,19;205,51;-0,606;30,02;1,921;-0,008;3,1;-0,225;62,43;2,293;2,257;-0,004;3,3;-1,171;31,73;2,349;2,258;0,013;0,0;0,065;19,25;2,295;0,010;-0,3;108,0;42,8;;;;;
109;-0,19267;-0,04659;7,29;240,08;-0,681;38,73;1,932;-0,026;4,3;-0,313;72,90;2,315;2,275;-0,024;4,4;-1,282;37,38;2,374;2,287;-0,013;2,1;-0,046;15,76;2,341;-0,006;1,1;107,6;36,4;;;;;
110;-0,19800;-0,07260;6,98;218,82;-0,616;28,95;1,959;0,004;2,3;-0,259;63,08;2,306;2,275;0,017;1,9;-1,219;35,48;2,364;2,278;0,016;-2,0;0,067;12,20;2,343;0,001;0,0;110,3;33,2;;;;;
111;-0,18600;-0,04440;10,50;243,86;-0,675;38,78;1,943;-0,020;3,4;-0,310;74,36;2,318;2,283;-0,019;3,8;-1,270;36,16;2,373;2,300;-0,008;1,3;-0,049;14,76;2,360;0,003;0,1;105,7;28,4;;;;;
112;-0,18040;-0,04600;22,90;248,87;-0,681;38,63;1,956;-0,016;2,5;-0,312;74,57;2,320;2,298;-0,014;3,1;-1,228;31,38;2,376;2,354;0,006;0,0;-0,043;11,20;2,395;0,016;-0,7;106,4;13,1;;;;;
113;-0,17640;-0,03890;15,93;245,85;-0,684;34,12;1,951;-0,010;3,5;-0,299;70,46;2,321;2,291;-0,009;2,6;-1,275;35,05;2,375;2,313;-0,004;2,9;-0,024;11,28;2,370;0,004;-0,5;105,8;20,6;;;;;
114;-0,18380;-0,04350;12,49;247,41;-0,681;35,88;1,944;-0,020;6,2;-0,313;74,03;2,320;2,285;-0,019;3,9;-1,232;35,69;2,375;2,305;-0,010;1,1;-0,056;13,67;2,362;0,002;0,2;106,7;21,1;;;;;
115;-0,19720;-0,05190;9,34;241,49;-0,672;36,41;1,937;-0,023;5,6;-0,303;70,48;2,314;2,278;-0,020;5,9;-1,259;37,61;2,368;2,294;-0,013;4,1;-0,013;11,86;2,340;0,004;1,9;107,7;28,9;;;;;
116;-0,19190;-0,06460;30,22;240,85;-0,647;31,44;1,963;-0,001;1,7;-0,275;68,41;2,316;2,298;-0,004;2,3;-1,204;31,21;2,365;2,340;0,013;-0,2;-0,015;4,82;2,396;0,032;-1,6;105,2;12,3;;;;;
117;-0,19300;-0,04420;4,26;238,58;-0,676;39,17;1,930;-0,027;4,2;-0,312;72,64;2,313;2,273;-0,025;4,1;-1,300;37,23;2,372;2,278;-0,016;2,3;-0,046;12,74;2,335;-0,006;0,6;107,5;37,1;;;;;
118;-0,19260;-0,04180;4,57;238,88;-0,676;38,80;1,928;-0,027;4,1;-0,313;72,11;2,313;2,273;-0,025;4,1;-1,298;36,53;2,372;2,278;-0,016;2,2;-0,047;12,44;2,335;-0,006;0,5;107,3;36,7;;;;;
119;-0,15480;-0,05390;24,38;252,15;-0,681;39,23;1,954;-0,017;2,6;-0,321;75,40;2,321;2,293;-0,016;3,2;-1,233;31,21;2,373;2,364;0,009;-0,2;-0,054;11,84;2,406;0,012;-0,8;105,7;15,5;;;;;
120;-0,17310;-0,04100;34,44;252,54;-0,673;33,76;1,966;-0,007;1,6;-0,295;70,81;2,325;2,310;-0,008;2,8;-1,226;29,12;2,373;2,350;0,011;-1,3;-0,032;2,54;2,429;0,024;-2,1;104,9;24,2;;;;;
121;-0,17160;-0,03850;34,61;254,48;-0,675;33,93;1,967;-0,008;1,4;-0,296;71,17;2,326;2,308;-0,008;2,7;-1,228;29,24;2,374;2,347;0,011;-1,4;-0,034;3,07;2,434;0,022;-2,3;105,0;23,9;;;;;
122;-0,15300;-0,04860;16,76;255,59;-0,678;39,01;1,955;-0,017;2,7;-0,336;76,05;2,324;2,296;-0,018;3,4;-1,245;40,63;2,375;2,337;-0,002;-1,7;-0,061;8,66;2,409;0,010;-0,5;106,2;15,2;;;;;
123;-0,15740;-0,07040;29,17;256,55;-0,682;38,26;1,955;-0,018;2,8;-0,322;76,43;2,327;2,294;-0,017;3,4;-1,176;29,47;2,374;2,412;0,009;-0,4;-0,040;5,57;2,396;0,017;-1,0;101,3;16,4;;;;;
124;-0,18220;0,02030;4,85;240,07;-0,667;38,84;1,939;-0,029;3,8;-0,302;73,47;2,315;2,275;-0,024;3,8;-1,297;38,09;2,376;2,284;-0,018;2,6;-0,044;15,84;2,345;-0,007;0,8;106,6;39,6;;;;;
125;-0,18380;-0,03650;2,92;237,31;-0,646;36,52;1,936;-0,026;3,7;-0,289;70,10;2,312;2,273;-0,021;3,7;-1,283;37,29;2,371;2,278;-0,014;2,5;-0,015;15,87;2,332;-0,007;1,1;108,6;46,0;;;;;
126;-0,17960;-0,03860;5,76;242,45;-0,664;39,29;1,937;-0,020;2,2;-0,309;72,70;2,317;2,280;-0,030;3,2;-1,255;36,52;2,371;2,296;-0,006;-0,5;-0,010;11,34;2,342;-0,009;-1,1;107,5;39,7;;;;;
127;-0,18370;-0,06300;6,21;234,38;-0,628;34,16;1,939;-0,025;3,4;-0,270;69,25;2,312;2,269;-0,019;3,5;-1,233;35,29;2,364;2,270;-0,011;1,2;0,029;12,14;2,324;0,004;-0,1;107,1;49,7;;;;;
128;-0,18650;-0,06050;7,10;240,96;-0,645;38,19;1,940;-0,011;2,2;-0,290;70,86;2,312;2,277;-0,020;4,1;-1,212;37,13;2,364;2,291;-0,010;1,0;-0,004;16,06;2,338;0,003;-0,4;107,4;41,8;;;;;
129;-0,18610;-0,06070;7,70;229,29;-0,623;32,25;1,929;-0,018;3,9;-0,244;66,08;2,307;2,267;-0,015;3,6;-1,183;38,51;2,355;2,266;-0,004;2,5;0,058;15,30;2,318;0,011;-0,1;106,9;51,5;;;;;
130;-0,17870;-0,08460;14,04;231,73;-0,641;33,77;1,938;-0,023;3,3;-0,259;68,30;2,308;2,275;-0,017;3,3;-1,210;36,21;2,362;2,286;0,007;2,1;0,021;13,21;2,334;0,004;0,3;106,8;47,6;;;;;
131;-0,18540;-0,08460;25,71;232,16;-0,630;27,32;1,953;-0,007;2,2;-0,245;65,62;2,310;2,283;-0,010;1,3;-1,171;30,57;2,356;2,294;0,010;-1,8;0,036;6,57;2,360;0,021;-3,4;105,2;65,9;;;;;
132;-0,18500;-0,08540;12,23;229,74;-0,624;31,77;1,927;-0,020;3,7;-0,245;65,55;2,306;2,265;-0,016;3,7;-1,175;37,71;2,354;2,263;-0,009;2,3;0,059;15,43;2,315;0,007;0,0;106,9;51,8;;;;;
133;-0,19490;-0,09250;12,05;220,60;-0,614;31,55;1,925;-0,020;3,5;-0,231;64,31;2,300;2,263;-0,013;3,4;-1,168;37,18;2,348;2,252;-0,001;2,0;0,076;15,37;2,306;0,010;-0,5;106,7;51,8;;;;;
134;-0,18380;-0,08480;17,99;234,59;-0,631;32,02;1,932;-0,012;4,1;-0,248;66,77;2,311;2,272;-0,008;3,8;-1,163;29,92;2,356;2,307;0,025;4,3;0,060;11,94;2,321;0,011;-0,1;106,7;43,9;;;;;
135;-0,19610;-0,06550;3,10;232,01;-0,636;34,22;1,933;-0,020;3,3;-0,284;67,10;2,311;2,270;-0,018;3,4;-1,244;35,09;2,366;2,275;-0,006;1,3;0,007;11,76;2,335;-0,003;0,6;109,1;55,8;;;;;
136;-0,19600;-0,06570;4,51;235,24;-0,632;33,80;1,938;-0,015;2,8;-0,278;67,45;2,313;2,267;-0,014;2,8;-1,217;33,33;2,363;2,285;0,001;0,1;0,025;12,07;2,333;0,000;-0,1;108,5;54,7;;;;;
137;-0,18280;0,02610;8,35;243,37;-0,679;39,31;1,941;-0,022;3,8;-0,315;74,97;2,319;2,281;-0,022;4,2;-1,298;39,41;2,379;2,294;-0,014;2,4;-0,057;15,36;2,350;-0,002;0,8;106,2;30,8;;;;;
138;-0,18130;-0,03700;2,95;239,01;-0,652;37,53;1,933;-0,025;3,6;-0,296;71,04;2,314;2,272;-0,021;3,6;-1,281;37,03;2,373;2,275;-0,016;2,2;-0,021;16,39;2,332;-0,009;0,9;108,9;36,1;;;;;
139;-0,19660;-0,05830;7,24;232,62;-0,670;38,69;1,931;-0,024;4,5;-0,300;72,09;2,311;2,274;-0,023;4,7;-1,266;42,89;2,366;2,279;-0,014;2,9;-0,022;13,60;2,332;-0,002;0,7;106,5;39,2;;;;;
140;-0,19640;-0,06280;11,94;237,84;-0,632;33,00;1,937;-0,016;2,1;-0,270;67,83;2,315;2,277;-0,014;3,2;-1,200;30,24;2,365;2,296;0,003;1,0;0,042;12,39;2,336;0,010;-1,4;107,0;35,3;;;;;
141;-0,19360;-0,06250;16,64;237,31;-0,665;35,39;1,938;-0,018;3,6;-0,290;70,91;2,314;2,280;-0,021;4,2;-1,192;35,53;2,366;2,312;0,000;0,2;0,015;14,16;2,333;0,014;-0,3;106,4;43,9;;;;;
142;-0,18460;-0,05430;27,66;244,34;-0,681;38,84;1,962;-0,017;2,2;-0,311;75,20;2,319;2,302;-0,012;2,8;-1,176;31,80;2,375;2,417;0,016;-0,6;-0,042;10,86;2,403;0,015;-1,1;103,2;6,5;;;;;
143;-0,19140;-0,05660;18,05;240,76;-0,675;36,76;1,954;-0,018;4,2;-0,303;71,87;2,316;2,301;-0,019;4,7;-1,211;33,58;2,368;2,341;0,004;1,9;-0,029;10,98;2,385;0,012;0,8;105,6;15,0;;;;;
144;-0,18190;0,02740;11,97;243,52;-0,679;38,50;1,942;-0,024;3,5;-0,312;74,86;2,320;2,282;-0,023;4,1;-1,299;39,31;2,378;2,288;-0,012;2,2;-0,054;13,54;2,359;-0,002;0,0;104,9;37,9;;;;;
145;-0,18010;-0,03820;3,41;241,92;-0,662;38,86;1,935;-0,023;3,5;-0,307;72,68;2,316;2,278;-0,019;3,6;-1,276;36,80;2,372;2,286;-0,011;1,9;-0,036;16,91;2,339;-0,007;0,8;108,3;26,1;;;;;
146;-0,18293;0,02693;4,80;240,90;-0,670;39,20;1,936;-0,028;3,6;-0,307;74,48;2,316;2,277;-0,026;3,9;-1,310;40,30;2,378;2,274;-0,022;2,8;-0,045;11,70;2,343;-0,008;0,7;106,7;38,0;;;;;
147;-0,17906;0,02503;3,70;243,50;-0,670;40,20;1,936;-0,029;4,0;-0,316;74,71;2,316;2,279;-0,023;4,1;-1,310;41,00;2,378;2,279;-0,022;3,0;-0,066;16,50;2,347;-0,011;1,1;107,7;27,3;;;;;
148;-0,18702;0,02094;5,88;237,57;-0,656;36,82;1,941;-0,026;3,3;-0,294;72,45;2,316;2,276;-0,024;3,8;-1,297;38,54;2,376;2,266;-0,018;3,0;-0,022;12,21;2,334;-0,004;0,4;106,0;58,1;;;;;
149;-0,19556;0,00096;3,40;226,80;-0,650;35,30;1,932;-0,026;3,8;-0,277;69,29;2,308;2,267;-0,019;3,8;-1,280;39,90;2,368;2,255;-0,021;3,0;-0,005;13,40;2,319;-0,008;0,8;107,6;51,3;;;;;
150;-0,19700;-0,03090;4,60;221,17;-0,668;35,96;1,907;-0,024;3,0;-0,275;69,30;2,304;2,253;-0,020;3,3;-1,223;38,48;2,363;2,257;-0,005;0,3;0,023;20,66;2,289;0,002;-0,3;106,7;59,6;;;;;
151;-0,20480;-0,05630;6,00;217,88;-0,612;30,84;1,926;-0,027;2,8;-0,230;64,72;2,303;2,261;-0,022;3,2;-1,164;32,67;2,357;2,277;0,003;0,1;0,097;14,96;2,293;0,012;-0,7;107,7;54,8;;;;;
152;-0,18960;0,00790;5,89;234,50;-0,655;36,03;1,935;-0,024;4,0;-0,285;71,40;2,314;2,273;-0,018;4,1;-1,242;37,07;2,368;2,297;-0,006;1,8;-0,022;15,62;2,335;-0,003;1,0;106,4;49,4;;;;;
153;-0,20760;-0,01510;7,67;220,15;-0,620;31,48;1,936;-0,014;3,3;-0,243;66,43;2,305;2,265;-0,006;3,4;-1,177;33,35;2,358;2,296;0,014;0,6;0,039;16,57;2,316;0,006;0,1;107,4;47,4;;;;;
154;-0,18500;0,00660;10,81;240,90;-0,661;36,74;1,948;-0,015;2,9;-0,297;73,28;2,317;2,282;-0,011;3,4;-1,215;31,64;2,371;2,348;0,016;0,6;-0,021;11,44;2,348;0,010;-0,1;105,8;29,4;;;;;
155;-0,18380;0,00420;16,69;241,72;-0,657;34,24;1,957;-0,011;2,5;-0,294;71,74;2,318;2,283;-0,009;3,1;-1,236;33,26;2,373;2,326;0,004;1,1;-0,028;8,97;2,363;0,021;-0,7;103,9;30,5;;;;;
156;-0,18370;0,00610;17,59;242,73;-0,667;36,61;1,951;-0,015;2,9;-0,297;73,58;2,319;2,285;-0,009;3,5;-1,207;33,86;2,373;2,350;0,012;0,1;-0,012;12,16;2,352;0,012;-0,4;106,4;27,9;;;;;
157;-0,18390;0,00720;10,88;242,70;-0,661;36,76;1,949;-0,016;3,0;-0,299;73,41;2,320;2,285;-0,010;3,4;-1,217;31,72;2,371;2,344;0,018;0,8;-0,038;13,78;2,361;0,010;0,2;106,5;28,7;;;;;
158;-0,19020;-0,05050;10,53;238,24;-0,650;35,34;1,946;-0,017;3,1;-0,285;71,31;2,315;2,279;-0,012;3,5;-1,196;32,34;2,367;2,340;0,015;1,0;-0,002;11,22;2,344;0,009;0,0;106,1;39,4;;;;;
159;-0,18100;-0,05100;8,34;241,44;-0,658;36,13;1,942;-0,020;3,8;-0,307;71,00;2,317;2,280;-0,020;3,9;-1,294;35,67;2,375;2,276;-0,014;2,0;-0,052;9,09;2,348;-0,001;2,8;107,6;34,4;;;;;
160;-0,18070;-0,05200;22,40;248,77;-0,652;33,78;1,947;-0,016;2,7;-0,295;72,49;2,328;2,286;-0,019;3,3;-1,248;32,75;2,376;2,311;0,000;0,8;-0,036;7,19;2,375;0,009;-0,5;105,6;31,9;;;;;
161;-0,17970;-0,05020;19,15;250,71;-0,687;35,80;1,949;-0,019;6,4;-0,295;72,89;2,325;2,285;-0,019;3,3;-1,255;29,75;2,376;2,348;0,002;4,0;-0,052;8,97;2,382;0,004;1,9;106,0;17,2;;;;;
162;-0,17250;-0,05190;45,88;253,20;-0,658;31,54;1,961;-0,005;1,8;-0,291;70,73;2,329;2,298;-0,007;2,6;-1,187;22,54;2,380;2,366;0,025;-0,8;-0,034;-0,42;2,395;0,033;-1,8;103,1;19,0;;;;;
163;-0,17660;-0,05130;20,79;250,17;-0,651;33,18;1,950;-0,016;2,4;-0,299;71,61;2,328;2,284;-0,018;3,4;-1,249;34,17;2,376;2,305;0,001;0,8;-0,057;8,17;2,384;0,010;3,5;106,9;28,2;;;;;
164;-0,17840;-0,05230;21,37;253,87;-0,651;35,65;1,949;-0,026;4,8;-0,297;74,56;2,327;2,286;-0,027;5,8;-1,253;34,81;2,375;2,305;-0,011;3,4;-0,056;10,38;2,387;-0,001;5,9;107,7;25,2;;;;;
165;-0,18520;-0,05720;13,64;245,32;-0,634;32,57;1,950;-0,013;2,8;-0,280;69,04;2,317;2,280;-0,012;3,1;-1,202;28,01;2,367;2,303;0,004;0,1;0,016;12,21;2,343;0,009;0,0;107,6;35,1;;;;;
166;-0,17200;-0,04960;42,99;253,60;-0,659;32,09;1,959;-0,005;1,8;-0,292;71,62;2,329;2,296;-0,009;2,5;-1,188;22,37;2,378;2,365;0,023;-0,8;-0,033;-0,35;2,397;0,032;-1,8;101,9;19,7;;;;;
167;-0,18000;-0,04760;23,48;251,03;-0,654;33,61;1,948;-0,013;2,7;-0,298;72,05;2,328;2,285;-0,016;3,5;-1,238;28,17;2,375;2,312;0,007;0,8;-0,042;5,64;2,385;0,014;-0,5;104,3;32,2;;;;;
168;-0,17090;-0,04980;43,72;256,40;-0,658;33,90;1,958;-0,001;1,7;-0,294;75,66;2,336;2,297;-0,011;2,3;-1,178;25,43;2,379;2,381;0,025;-1,0;-0,045;1,52;2,436;0,028;2,1;105,1;14,2;;;;;
169;-0,16350;-0,05050;26,05;250,07;-0,652;31,04;1,948;-0,029;4,8;-0,291;75,70;2,326;2,282;-0,023;3,8;-1,229;27,11;2,376;2,325;-0,011;2,7;-0,029;9,77;2,364;0,010;-0,4;103,9;37,9;;;;;
170;-0,16380;-0,05270;16,22;246,81;-0,639;33,09;1,950;-0,012;2,6;-0,286;70,20;2,322;2,281;-0,014;3,1;-1,202;26,86;2,368;2,303;0,011;-0,3;-0,008;7,46;2,360;0,003;2,4;108,7;32,0;;;;;
171;-0,16060;-0,04490;31,68;255,90;-0,663;30,79;1,946;-0,017;2,4;-0,302;70,71;2,334;2,287;-0,019;3,1;-1,214;24,27;2,376;2,359;0,006;-0,1;-0,043;1,44;2,383;0,015;-0,4;103,1;36,5;;;;;
172;-0,16570;-0,03810;47,90;258,49;-0,665;32,70;1,962;-0,006;1,7;-0,305;72,79;2,337;2,297;-0,009;2,6;-1,188;19,04;2,378;2,400;0,024;-1,0;-0,050;-0,68;2,439;0,028;2,2;105,5;14,2;;;;;
173;-0,16950;-0,03820;24,06;255,96;-0,667;34,04;1,952;-0,015;2,5;-0,313;74,96;2,338;2,287;-0,017;3,3;-1,254;29,27;2,379;2,324;0,007;0,9;-0,068;4,40;2,399;0,008;4,1;107,7;26,0;;;;;
174;-0,16460;-0,03740;48,69;260,12;-0,664;33,30;1,959;-0,007;1,8;-0,306;73,07;2,339;2,297;-0,008;2,5;-1,249;20,65;2,376;2,367;0,017;2,6;-0,057;-0,77;2,443;0,031;2,6;105,2;8,5;;;;;
175;-0,17320;-0,04760;17,96;264,08;-0,666;40,31;1,950;-0,020;2,5;-0,309;79,80;2,335;2,289;-0,022;3,4;-1,251;34,34;2,380;2,326;0,003;1,2;-0,038;11,83;2,369;0,017;-2,5;104,9;36,3;;;;;
176;-0,18040;-0,05170;28,04;246,94;-0,397;26,75;1,957;-0,003;4,1;-0,273;65,42;2,330;2,291;-0,005;2,5;-1,230;16,59;2,375;2,308;0,014;2,5;0,018;0,57;2,389;0,022;0,9;106,3;28,8;;;;;
177;-0,17850;-0,04580;29,10;249,66;-0,660;32,75;1,945;-0,010;2,2;-0,292;72,34;2,329;2,287;-0,013;2,9;-1,262;29,99;2,374;2,318;0,002;3,8;-0,025;0,64;2,371;0,022;-2,0;104,4;30,9;;;;;
178;-0,17690;-0,04570;33,23;251,23;-0,682;32,40;1,956;-0,010;5,9;-0,287;71,14;2,333;2,289;-0,011;3,1;-1,255;30,25;2,373;2,324;0,006;4,0;-0,034;2,81;2,374;0,018;2,2;105,9;20,6;;;;;
179;-0,17590;-0,05110;34,58;255,91;-0,663;34,56;1,955;-0,009;1,9;-0,293;73,78;2,332;2,298;-0,011;2,5;-1,236;24,83;2,373;2,355;0,011;2,4;-0,047;-0,38;2,411;0,026;1,2;104,6;10,6;;;;;
180;-0,18080;-0,05030;22,15;255,65;-0,660;36,82;1,946;-0,025;5,1;-0,295;76,78;2,331;2,289;-0,024;6,0;-1,237;31,29;2,381;2,313;-0,003;3,5;-0,050;8,71;2,397;0,003;5,1;106,1;28,6;;;;;
181;-0,17610;-0,04300;37,46;250,82;-0,665;33,45;1,959;-0,010;1,9;-0,305;72,70;2,328;2,297;-0,013;2,8;-1,200;24,41;2,384;2,368;0,021;-0,8;-0,044;2,56;2,396;0,024;-1,4;103,6;19,7;;;;;
182;-0,17340;-0,04310;19,85;249,28;-0,660;34,46;1,943;-0,017;2,6;-0,306;72,78;2,325;2,287;-0,017;3,6;-1,254;31,07;2,376;2,302;0,001;0,8;-0,063;8,21;2,378;0,004;3,9;107,2;28,4;;;;;
183;-0,18270;-0,04240;16,78;247,30;-0,666;35,36;1,940;-0,020;3,0;-0,310;73,62;2,329;2,283;-0,020;3,5;-1,265;28,57;2,375;2,305;0,001;2,4;-0,046;9,65;2,360;0,007;-0,3;104,5;36,5;;;;;
184;-0,17410;-0,05750;24,90;256,21;-0,676;37,14;1,961;-0,010;2,1;-0,322;74,09;2,325;2,303;-0,009;2,7;-1,239;37,46;2,375;2,354;0,000;0,8;-0,029;7,10;2,385;0,028;-0,9;105,9;-0,4;;;;;
185;-0,16500;-0,05430;25,33;249,86;-0,655;33,84;1,946;-0,016;2,4;-0,288;70,48;2,323;2,284;-0,016;3,3;-1,242;30,74;2,370;2,304;0,002;0,7;-0,031;5,42;2,371;0,015;-0,6;105,3;32,6;;;;;
186;-0,17250;-0,06470;20,42;249,13;-0,635;31,20;1,950;-0,007;1,6;-0,292;70,04;2,330;2,286;-0,008;2,5;-1,214;27,31;2,382;2,307;0,013;-0,5;0,019;6,90;2,359;0,015;-1,4;107,2;37,4;;;;;
187;-0,16790;-0,07490;29,03;260,23;-0,687;36,66;1,976;-0,002;1,1;-0,318;72,40;2,324;2,322;-0,002;2,0;-1,240;29,98;2,371;2,347;0,019;-1,6;-0,037;5,94;2,447;0,031;-2,2;105,7;-4,7;;;;;
188;-0,17480;-0,07080;15,95;254,78;-0,678;38,39;1,951;-0,015;2,4;-0,322;74,52;2,323;2,291;-0,012;3,0;-1,247;31,68;2,374;2,317;0,011;-1,1;-0,042;13,69;2,372;0,010;-1,1;107,1;18,5;;;;;
189;-0,28188;-0,03544;1,50;163,60;-0,680;31,10;1,867;-0,025;2,2;-0,262;56,86;2,269;2,213;-0,027;2,1;-1,240;37,00;2,343;2,192;-0,010;-0,4;0,026;22,50;2,234;0,006;-1,5;108,3;62,0;;;;;
190;-0,27201;-0,10870;2,20;171,90;-0,520;23,40;1,905;-0,037;1,5;-0,136;49,78;2,273;2,231;-0,040;1,0;-1,060;29,90;2,334;2,228;0,002;-2,0;0,263;22,00;2,256;0,043;-3,1;110,6;48,3;;;;;
191;-0,26760;-0,15050;3,10;168,32;-0,445;20,11;1,925;-0,041;0,9;-0,084;47,76;2,276;2,237;-0,037;0,6;-0,949;30,31;2,332;2,240;0,020;-3,1;0,393;27,05;2,269;0,086;-4,0;113,7;45,1;;;;;
192;-0,24930;-0,16570;4,12;180,29;-0,431;20,09;1,941;-0,042;0,5;-0,094;49,86;2,281;2,243;-0,042;0,3;-0,921;30,72;2,334;2,248;0,025;-3,5;0,408;27,42;2,301;0,095;-4,0;116,2;37,9;;;;;
193;-0,24125;-0,04621;1,63;181,38;-0,668;37,75;1,861;-0,028;2,0;-0,273;64,20;2,282;2,214;0,001;1,8;-1,273;43,18;2,353;2,188;-0,019;-0,1;0,006;23,90;2,237;-0,005;-1,6;107,4;60,4;;;;;
194;-0,22820;-0,02819;1,17;196,59;-0,692;38,77;1,872;-0,028;2,5;-0,289;66,66;2,288;2,228;-0,064;2,7;-1,284;41,16;2,360;2,205;-0,014;0,3;-0,001;22,12;2,251;-0,001;-1,1;107,4;55,7;;;;;
195;-0,26130;-0,01980;1,74;188,16;-0,681;32,26;1,874;-0,027;2,7;-0,272;60,10;2,280;2,224;-0,029;2,6;-1,277;36,16;2,352;2,214;-0,017;-1,2;-0,006;21,13;2,258;0,000;-2,4;108,4;56,3;;;;;
196;-0,22330;-0,02990;2,21;200,31;-0,698;38,66;1,873;-0,026;2,9;-0,295;67,41;2,290;2,232;-0,027;3,1;-1,281;41,55;2,359;2,208;-0,012;0,8;-0,012;24,71;2,262;0,001;-0,9;107,0;56,0;;;;;
197;-0,21380;-0,01180;2,53;201,42;-0,705;35,23;1,887;-0,028;3,0;-0,292;64,84;2,289;2,235;-0,029;2,9;-1,269;35,92;2,354;2,221;-0,014;0,7;-0,002;21,57;2,269;0,002;-0,5;107,5;53,9;;;;;
198;-0,21680;-0,02880;2,45;205,90;-0,696;37,60;1,882;-0,025;2,8;-0,290;67,60;2,293;2,234;-0,027;3,2;-1,238;38,98;2,360;2,228;-0,009;0,1;0,021;20,70;2,263;0,005;-0,9;107,1;54,6;;;;;
199;-0,22900;-0,07640;2,41;207,06;-0,697;38,05;1,876;-0,026;3,2;-0,291;67,30;2,292;2,233;-0,028;3,1;-1,256;39,60;2,355;2,211;-0,010;0,8;0,023;22,20;2,255;0,004;-1,0;107,1;56,2;;;;;
200;-0,25416;-0,09901;1,91;178,82;-0,544;27,48;1,892;-0,028;2,9;-0,168;54,36;2,279;2,234;0,081;1,9;-1,098;35,42;2,338;2,221;0,000;-0,1;0,194;21,89;2,259;0,021;-1,7;110,3;59,6;;;;;
201;-0,24223;-0,08417;2,37;192,24;-0,571;29,51;1,899;-0,030;2,4;-0,184;57,32;2,286;2,241;0,013;2,2;-1,127;33,62;2,344;2,236;-0,002;-0,5;0,171;20,17;2,263;0,022;-1,8;108,8;52,3;;;;;
202;-0,26000;-0,08240;2,13;186,34;-0,562;25,70;1,899;-0,038;2,0;-0,175;53,22;2,281;2,235;-0,040;1,9;-1,138;28,83;2,342;2,240;-0,017;-2,9;0,188;17,88;2,268;0,034;-1,9;110,5;46,4;;;;;
203;-0,23010;-0,07810;4,29;196,58;-0,587;27,12;1,914;-0,043;2,1;-0,195;56,84;2,287;2,245;-0,043;2,1;-1,133;28,57;2,344;2,255;-0,009;-1,1;0,161;17,07;2,278;0,028;-1,8;108,9;44,9;;;;;
204;-0,23030;-0,07840;3,73;202,65;-0,583;29,74;1,907;-0,030;2,3;-0,199;59,73;2,293;2,249;-0,034;2,6;-1,135;31,58;2,348;2,248;0,000;-1,0;0,157;18,30;2,274;0,029;-2,2;108,1;50,6;;;;;
205;-0,23772;-0,05245;1,86;188,32;-0,606;35,62;1,878;-0,020;5,7;-0,264;63,85;2,286;2,233;-0,055;5,9;-1,258;40,28;2,358;2,216;-0,010;4,2;-0,001;18,31;2,269;-0,000;1,3;108,2;58,3;;;;;
206;-0,20451;-0,01841;2,51;218,13;-0,688;41,00;1,893;-0,025;4,5;-0,304;70,80;2,300;2,248;0,008;3,9;-1,314;41,07;2,370;2,229;-0,017;2,8;-0,029;18,37;2,285;-0,002;0,6;107,4;47,1;;;;;
207;-0,23280;-0,01200;2,54;206,27;-0,708;35,08;1,885;-0,031;2,8;-0,301;65,40;2,293;2,238;-0,033;2,9;-1,249;33,17;2,356;2,228;-0,013;0,3;-0,002;22,57;2,269;0,000;-0,5;107,8;51,2;;;;;
208;-0,20090;-0,02200;3,31;223,65;-0,697;40,94;1,897;-0,026;3,7;-0,311;72,47;2,304;2,251;-0,027;3,9;-1,301;41,71;2,371;2,241;-0,016;2,0;-0,029;22,44;2,288;-0,004;0,3;106,6;47,0;;;;;
209;-0,17640;-0,00020;4,32;230,45;-0,709;37,69;1,908;-0,026;2,8;-0,313;69,86;2,302;2,252;-0,029;2,9;-1,300;37,75;2,368;2,251;-0,012;-1,2;-0,017;19,01;2,303;-0,001;-0,4;107,9;42,5;;;;;
210;-0,19090;-0,02410;10,95;233,62;-0,701;40,14;1,914;-0,022;2,9;-0,306;73,82;2,311;2,265;-0,023;3,3;-1,271;38,75;2,373;2,266;-0,004;0,2;-0,015;18,83;2,313;0,008;-0,5;105,5;32,4;;;;;
211;-0,20480;-0,06570;2,97;228,95;-0,676;39,23;1,899;-0,023;3,9;-0,295;70,58;2,302;2,250;-0,025;4,1;-1,246;38,48;2,365;2,241;-0,008;0,9;0,023;22,61;2,288;0,000;0,7;107,6;45,6;;;;;
212;-0,24483;-0,08488;1,84;184,61;-0,557;28,63;1,903;-0,024;5,8;-0,204;57,53;2,284;2,242;-0,134;5,9;-1,146;35,72;2,345;2,241;0,009;3,6;0,096;14,44;2,282;0,023;0,5;109,1;65,2;;;;;
213;-0,21620;-0,05680;2,49;212,72;-0,624;34,82;1,907;-0,033;4,0;-0,244;65,36;2,298;2,255;-0,072;3,4;-1,223;36,40;2,359;2,251;-0,006;2,0;0,062;14,31;2,292;0,017;-0,2;107,9;48,6;;;;;
214;-0,23290;-0,04720;5,38;201,99;-0,640;30,50;1,899;-0,041;2,5;-0,277;59,11;2,291;2,245;-0,049;2,5;-1,200;29,66;2,351;2,239;-0,020;-0,3;0,093;19,80;2,270;0,013;-1,4;109,3;47,9;;;;;
215;-0,19350;-0,04240;9,41;220,05;-0,644;31,97;1,926;-0,042;2,5;-0,252;64,05;2,299;2,258;-0,042;2,7;-1,206;29,81;2,357;2,268;-0,017;-0,2;0,063;14,53;2,309;0,010;-1,3;108,2;36,2;;;;;
216;-0,19970;-0,05300;12,82;228,77;-0,642;34,65;1,933;-0,025;2,5;-0,514;69,30;2,308;2,271;-0,023;3,2;-1,198;31,41;2,365;2,305;0,003;-0,2;0,057;14,29;2,320;0,022;-1,2;105,1;26,9;;;;;
217;-0,20250;-0,05220;7,15;228,08;-0,634;35,06;1,919;-0,026;3,0;-0,259;68,55;2,308;2,264;-0,027;3,5;-1,218;35,59;2,364;2,269;-0,007;0,7;0,054;16,17;2,313;0,013;-0,8;106,8;40,2;;;;;
218;-0,20740;-0,00030;4,24;223,60;-0,680;34,60;1,889;-0,033;2,3;-0,325;69,15;2,301;2,247;-0,039;3,4;-1,280;37,98;2,375;2,254;-0,024;-0,7;-0,054;20,94;2,285;-0,004;-0,2;107,7;40,2;;;;;
219;-0,28910;-0,06020;5,14;183,42;-0,620;26,09;1,879;-0,036;2,6;-0,195;55,22;2,276;2,233;-0,035;2,1;-1,122;32,48;2,334;2,210;-0,008;-0,5;0,191;23,47;2,233;0,023;-3,4;107,7;66,1;;;;;
220;-0,21342;0,00379;3,00;229,70;-0,710;36,20;1,898;-0,033;2,3;-0,333;71,45;2,304;2,250;-0,040;0,7;-1,290;34,40;2,368;2,247;-0,020;-1,4;-0,030;21,60;2,290;-0,008;-2,7;107,5;45,9;;;;;
221;-0,24400;-0,03810;3,13;208,65;-0,689;33,40;1,889;-0,036;3,2;-0,268;63,28;2,290;2,244;-0,036;3,3;-1,208;40,95;2,349;2,232;-0,018;0,7;0,074;23,61;2,268;0,003;-1,1;108,3;55,4;;;;;
222;-0,19730;0,00400;4,36;233,89;-0,729;38,16;1,904;-0,038;3,7;-0,334;70,78;2,304;2,257;-0,042;3,7;-1,275;35,95;2,366;2,258;-0,021;1,2;-0,028;18,59;2,308;-0,005;-0,1;108,1;47,9;;;;;
223;-0,20220;0,00420;7,05;229,38;-0,729;36,31;1,898;-0,035;3,4;-0,331;67,86;2,304;2,259;-0,036;3,2;-1,281;35,03;2,364;2,247;-0,019;0,8;-0,024;17,71;2,322;-0,002;-0,7;108,4;49,4;;;;;
224;-0,20470;0,00310;4,44;230,78;-0,726;36,68;1,900;-0,038;3,3;-0,331;68,55;2,304;2,257;-0,040;3,7;-1,271;36,10;2,366;2,254;-0,022;0,9;-0,018;20,62;2,294;-0,005;-0,9;108,4;47,9;;;;;
225;-0,19010;0,00620;9,38;240,44;-0,738;36,44;1,917;-0,040;3,0;-0,338;70,50;2,310;2,274;-0,042;3,0;-1,288;32,77;2,373;2,273;-0,027;0,4;-0,034;12,72;2,333;-0,007;-0,8;107,3;46,4;;;;;
226;-0,26680;-0,05980;16,96;194,82;-0,617;21,30;1,898;-0,043;2,4;-0,203;53,75;2,284;2,245;-0,044;2,1;-1,099;19,37;2,336;2,275;-0,007;-2,2;0,173;15,00;2,267;0,020;-3,9;107,2;66,2;;;;;
227;-0,20570;0,00050;4,34;231,51;-0,726;37,18;1,900;-0,037;3,2;-0,328;68,49;2,306;2,258;-0,038;3,0;-1,277;36,29;2,364;2,249;-0,021;0,8;-0,017;19,37;2,295;-0,004;-0,7;108,0;49,7;;;;;
228;-0,19800;0,00460;4,64;237,42;-0,732;37,89;1,904;-0,037;3,3;-0,331;69,59;2,307;2,264;-0,039;3,1;-1,278;35,64;2,366;2,258;-0,021;0,6;-0,023;18,95;2,306;-0,005;-0,6;107,9;47,4;;;;;
229;-0,20110;-0,04710;5,94;222,10;-0,660;31,20;1,894;-0,037;2,8;-0,275;55,47;2,296;2,254;-0,040;4,6;-1,200;31,81;2,350;2,233;-0,019;-0,1;0,059;19,81;2,254;0,007;-4,3;106,6;48,9;;;;;
230;-0,21260;-0,06720;5,02;211,50;-0,669;29,44;1,891;-0,037;3,2;-0,271;59,35;2,294;2,253;-0,040;3,2;-1,165;37,07;2,340;2,232;-0,018;-0,2;0,127;20,29;2,253;0,007;-1,9;107,8;55,3;;;;;
231;-0,22690;-0,07320;1,83;199,94;-0,652;29,38;1,887;-0,035;2,5;-0,228;56,61;2,283;2,230;-0,040;1,8;-1,141;41,41;2,337;2,215;-0,005;-2,0;0,141;22,02;2,268;0,016;-3,2;108,9;62,2;;;;;
232;-0,19900;-0,04080;9,73;220,44;-0,695;31,34;1,901;-0,041;2,9;-0,283;59,15;2,298;2,257;-0,045;4,5;-1,200;33,88;2,353;2,245;-0,022;0,0;0,085;16,37;2,271;0,003;-0,3;107,9;63,1;;;;;
233;-0,19500;-0,04450;5,35;223,94;-0,677;31,06;1,894;-0,034;2,9;-0,292;62,82;2,299;2,255;-0,039;3,1;-1,194;31,23;2,349;2,243;-0,018;-0,1;0,076;17,21;2,285;0,006;-1,5;108,4;53,5;;;;;
234;-0,17750;-0,04290;5,89;227,34;-0,684;31,48;1,892;-0,037;3,1;-0,289;61,11;2,298;2,255;-0,042;2,8;-1,200;31,87;2,350;2,246;-0,021;0,0;0,082;17,11;2,274;0,001;-1,5;108,8;53,6;;;;;
235;-0,23750;-0,09730;5,44;198,22;-0,653;27,91;1,888;-0,035;3,0;-0,249;56,85;2,286;2,249;-0,038;2,7;-1,128;43,79;2,332;2,227;-0,014;-0,6;0,170;19,05;2,250;0,014;-2,0;108,6;56,9;;;;;
236;-0,20210;-0,04350;3,75;224,20;-0,686;31,52;1,902;-0,045;5,5;-0,286;62,69;2,298;2,260;-0,046;5,4;-1,182;35,82;2,346;2,234;-0,026;2,7;0,064;14,90;2,295;0,001;0,4;106,5;53,9;;;;;
237;-0,19650;-0,04320;11,23;221,80;-0,684;26,58;1,908;-0,036;5,2;-0,273;60,06;2,299;2,278;-0,039;3,3;-1,187;29,76;2,350;2,252;-0,015;1,5;0,101;10,25;2,308;0,013;-2,1;106,8;68,7;;;;;
238;-0,19130;-0,05890;3,54;227,53;-0,681;31,84;1,909;-0,039;4,6;-0,280;59,36;2,297;2,268;-0,041;5,5;-1,169;26,74;2,345;2,237;-0,013;2,9;0,134;12,55;2,258;0,012;1,1;107,5;52,1;;;;;
239;-0,18960;-0,03940;8,10;231,50;-0,669;30,69;1,900;-0,039;2,7;-0,277;61,94;2,300;2,256;-0,042;2,4;-1,167;31,88;2,344;2,251;-0,017;-0,9;0,083;14,70;2,293;0,011;-1,9;107,9;31,0;;;;;
240;-0,20940;-0,00440;3,18;225,18;-0,682;36,19;1,899;-0,026;3,1;-0,288;68,74;2,301;2,247;-0,027;3,4;-1,232;29,92;2,363;2,259;-0,007;0,3;0,008;15,65;2,283;0,003;-0,5;107,3;33,3;;;;;
241;-0,20130;0,00430;3,25;227,36;-0,703;39,14;1,897;-0,033;3,4;-0,313;71,16;2,305;2,254;-0,035;3,5;-1,281;35,87;2,369;2,248;-0,018;1,3;-0,017;17,08;2,292;-0,005;-0,1;107,2;42,0;;;;;
242;-0,22790;-0,02670;3,61;209,16;-0,668;34,45;1,895;-0,026;3,0;-0,270;65,79;2,294;2,244;-0,026;3,0;-1,223;33,99;2,356;2,235;-0,010;0,2;0,036;22,01;2,276;0,000;-0,7;108,2;47,9;;;;;
243;-0,19170;0,00140;6,38;234,09;-0,708;38,82;1,910;-0,031;2,8;-0,314;72,39;2,308;2,262;-0,032;3,1;-1,275;35,21;2,373;2,260;-0,015;0,5;-0,013;18,96;2,309;-0,002;-0,7;106,6;34,3;;;;;
244;-0,19180;0,00100;7,24;232,79;-0,734;40,38;1,911;-0,034;3,1;-0,345;74,10;2,313;2,269;-0,037;3,7;-1,312;40,23;2,374;2,270;-0,020;0,5;-0,022;17,47;2,298;0,000;2,7;107,0;46,5;;;;;
245;-0,20110;-0,04920;3,94;232,16;-0,694;38,12;1,902;-0,030;3,2;-0,305;70,20;2,305;2,255;-0,031;3,2;-1,253;35,12;2,367;2,251;-0,014;0,5;0,016;16,35;2,295;-0,002;-0,5;107,9;41,6;;;;;
246;-0,19750;-0,04880;5,38;238,77;-0,698;38,36;1,907;-0,033;3,3;-0,315;71,29;2,309;2,262;-0,034;3,2;-1,258;35,01;2,366;2,255;-0,017;0,3;0,005;18,72;2,300;-0,004;-0,5;107,2;40,7;;;;;
247;-0,19790;-0,03900;7,49;232,30;-0,676;34,75;1,909;-0,030;2,7;-0,281;68,06;2,306;2,266;-0,031;2,9;-1,208;30,78;2,359;2,271;-0,009;-0,1;0,048;17,40;2,289;0,007;-1,0;107,2;37,7;;;;;
248;-0,19290;-0,06160;3,12;231,50;-0,658;34,82;1,898;-0,031;6,9;-0,279;67,02;2,302;2,256;-0,032;6,4;-1,202;33,78;2,354;2,240;-0,013;3,8;0,081;19,75;2,277;0,005;3,1;108,4;44,1;;;;;
249;-0,20890;-0,07830;4,10;222,49;-0,637;32,38;1,895;-0,032;2,4;-0,244;61,94;2,297;2,252;-0,034;2,1;-1,167;33,98;2,347;2,233;-0,015;-0,4;0,112;20,08;2,265;0,004;-1,9;108,3;45,1;;;;;
250;-0,18880;-0,00960;11,40;239,44;-0,687;38,77;1,926;-0,024;2,7;-0,302;73,46;2,313;2,271;-0,023;3,2;-1,258;33,66;2,372;2,289;-0,004;0,1;-0,020;15,95;2,331;0,006;-0,4;106,1;23,0;;;;;
251;-0,19170;-0,00960;4,84;239,51;-0,689;39,34;1,913;-0,027;3,5;-0,308;73,25;2,311;2,263;-0,026;3,7;-1,257;36,20;2,371;2,274;-0,011;0,6;-0,023;18,21;2,313;-0,001;0,1;106,9;33,8;;;;;
252;-0,18970;-0,00270;3,81;230,61;-0,705;41,17;1,911;-0,031;4,3;-0,330;74,07;2,310;2,266;-0,032;4,3;-1,324;41,69;2,375;2,257;-0,022;2,4;-0,060;19,98;2,316;-0,009;0,8;107,5;46,6;;;;;
253;-0,25180;-0,05520;2,49;195,58;-0,635;32,07;1,896;-0,015;-0,3;-0,237;63,33;2,288;2,245;-0,012;-0,6;-1,189;37,09;2,351;2,237;0,003;-3,9;0,100;23,01;2,253;0,008;-0,8;108,9;53,3;;;;;
254;-0,18300;-0,00610;18,05;241,67;-0,711;40,14;1,932;-0,025;2,9;-0,326;75,95;2,318;2,285;-0,026;3,3;-1,271;36,25;2,381;2,306;-0,004;0,1;-0,038;15,72;2,351;0,005;-0,7;105,2;32,3;;;;;
255;-0,18580;-0,00410;9,75;240,51;-0,685;36,45;1,918;-0,025;7,1;-0,309;71,04;2,314;2,266;-0,025;7,4;-1,273;32,41;2,374;2,279;-0,013;5,4;-0,027;14,68;2,320;0,000;4,2;107,1;21,2;;;;;
256;-0,19220;-0,05870;5,15;239,45;-0,693;39,39;1,918;-0,026;3,5;-0,320;73,01;2,314;2,273;-0,027;3,9;-1,251;37,27;2,367;2,274;-0,011;0,3;-0,009;20,45;2,317;-0,001;0,0;107,8;45,0;;;;;
257;-0,18650;-0,05350;8,99;240,68;-0,694;38,85;1,919;-0,027;3,7;-0,320;72,45;2,315;2,274;-0,029;3,7;-1,255;37,03;2,372;2,274;-0,009;1,2;-0,006;18,10;2,321;-0,001;0,2;106,6;46,4;;;;;
258;-0,18160;-0,02910;9,39;237,38;-0,695;37,69;1,928;-0,035;4,1;-0,306;71,49;2,312;2,276;-0,030;3,7;-1,272;38,05;2,370;2,269;-0,020;2,4;0,003;18,09;2,314;-0,002;0,7;107,0;38,1;;;;;
259;-0,18720;-0,02860;21,86;239,37;-0,694;36,30;1,931;-0,023;2,7;-0,305;72,42;2,316;2,281;-0,024;3,4;-1,242;33,40;2,372;2,303;0,003;0,1;0,003;13,36;2,341;0,014;-1,1;105,2;36,5;;;;;
260;-0,18810;-0,06350;5,45;236,04;-0,664;36,25;1,917;-0,025;3,5;-0,288;70,18;2,310;2,269;-0,024;3,3;-1,212;34,97;2,362;2,266;-0,007;0,1;0,041;19,11;2,308;0,006;-0,1;108,1;51,2;;;;;
261;-0,20730;-0,08860;7,80;219,81;-0,619;29,91;1,910;-0,021;2,5;-0,227;61,69;2,299;2,263;-0,022;2,4;-1,170;35,59;2,350;2,238;-0,007;-0,4;0,123;16,64;2,288;0,013;-2,0;108,1;52,7;;;;;
262;-0,17400;-0,02800;11,88;242,69;-0,692;38,77;1,936;-0,032;3,7;-0,304;75,98;2,313;2,280;-0,028;3,4;-1,253;39,57;2,371;2,284;-0,009;-0,2;0,003;21,07;2,322;0,002;0,1;107,4;37,4;;;;;
263;-0,21810;-0,01170;3,80;212,16;-0,701;33,77;1,897;-0,031;2,8;-0,293;65,35;2,297;2,246;-0,034;2,9;-1,260;31,90;2,360;2,234;-0,012;0,7;0,025;19,74;2,277;0,001;-0,7;108,9;56,3;;;;;
264;-0,19560;-0,00630;3,46;224,47;-0,698;35,21;1,905;-0,035;2,4;-0,291;67,23;2,299;2,251;-0,035;2,7;-1,277;32,06;2,364;2,244;-0,020;-0,3;0,009;16,96;2,300;-0,001;-0,5;108,6;46,7;;;;;
265;-0,20240;-0,05280;2,28;226,16;-0,670;35,47;1,891;-0,025;3,2;-0,280;68,04;2,301;2,247;-0,028;3,3;-1,232;33,86;2,363;2,238;-0,009;0,3;0,061;21,53;2,270;0,000;-0,3;109,3;52,4;;;;;
266;-0,17800;-0,02550;6,03;221,64;-0,667;32,34;1,903;-0,034;2,9;-0,260;63,47;2,296;2,252;-0,034;2,6;-1,216;32,50;2,354;2,233;-0,012;0,3;0,065;16,37;2,282;0,005;-1,1;108,3;48,9;;;;;
267;-0,21610;-0,00270;2,77;220,16;-0,695;35,17;1,891;-0,032;2,8;-0,291;66,82;2,297;2,241;-0,035;3,0;-1,247;30,72;2,359;2,236;-0,014;0,5;0,015;20,15;2,281;0,000;-0,4;108,9;44,8;;;;;
268;-0,19130;-0,00300;4,65;230,32;-0,710;36,84;1,904;-0,037;2,4;-0,302;69,50;2,306;2,258;-0,037;3,0;-1,299;35,15;2,369;2,249;-0,028;-0,8;0,003;14,98;2,297;-0,003;-0,3;107,9;41,7;;;;;
269;-0,20200;-0,05050;2,40;229,65;-0,658;36,32;1,889;-0,028;2,4;-0,270;67,72;2,304;2,241;-0,029;2,7;-1,228;30,12;2,362;2,234;-0,014;0,5;0,051;16,22;2,283;0,000;-0,2;108,1;36,2;;;;;
270;-0,18510;0,00560;5,07;234,22;-0,709;37,23;1,908;-0,034;2,9;-0,310;69,94;2,304;2,260;-0,035;3,1;-1,278;32,25;2,368;2,256;-0,019;0,7;-0,004;14,30;2,300;-0,002;-0,4;107,9;35,8;;;;;
271;-0,16280;-0,03750;23,72;246,48;-0,679;34,79;1,933;-0,029;3,1;-0,297;71,84;2,325;2,280;-0,034;3,7;-1,271;37,09;2,379;2,294;-0,012;6,6;0,003;11,21;2,337;0,005;-1,3;105,0;55,4;;;;;
272;-0,19790;-0,05970;2,90;226,13;-0,678;37,23;1,891;-0,033;3,5;-0,287;68,47;2,303;2,249;-0,035;3,5;-1,245;36,30;2,359;2,228;-0,016;1,3;0,034;21,04;2,275;0,001;-0,2;107,8;49,1;;;;;
273;-0,19860;-0,05920;4,76;220,26;-0,704;35,00;1,894;-0,036;3,2;-0,303;66,39;2,300;2,251;-0,038;3,1;-1,241;35,96;2,356;2,242;-0,016;0,4;0,024;20,27;2,282;0,002;-1,0;108,5;52,4;;;;;
274;-0,19220;-0,05630;6,49;227,77;-0,686;34,30;1,902;-0,037;2,9;-0,285;66,69;2,300;2,255;-0,037;3,0;-1,234;32,87;2,357;2,244;-0,018;0,6;0,031;17,59;2,293;0,001;-0,8;108,1;42,5;;;;;
275;-0,19770;-0,06820;5,30;230,73;-0,675;36,49;1,893;-0,033;3,3;-0,281;68,16;2,301;2,251;-0,034;3,1;-1,222;35,87;2,358;2,237;-0,013;0,8;0,048;20,22;2,283;0,003;-0,6;108,0;47,3;;;;;
276;-0,18220;-0,04280;13,89;240,72;-0,669;30,31;1,910;-0,036;2,9;-0,274;64,47;2,312;2,266;-0,039;2,9;-1,171;12,57;2,353;2,284;-0,010;-0,2;0,061;9,39;2,319;0,004;-1,6;106,9;42,6;;;;;
277;-0,18650;-0,05010;6,80;231,92;-0,688;34,27;1,903;-0,037;2,8;-0,287;67,22;2,302;2,258;-0,038;3,0;-1,234;32,03;2,358;2,246;-0,018;0,7;0,029;17,09;2,309;0,003;-0,8;108,8;40,9;;;;;
278;-0,18410;-0,07740;3,06;228,71;-0,676;37,02;1,891;-0,035;3,4;-0,286;68,26;2,304;2,253;-0,037;3,5;-1,233;36,80;2,358;2,228;-0,017;1,0;0,043;21,14;2,280;0,001;-0,4;107,4;48,8;;;;;
279;-0,18070;-0,07450;6,93;228,17;-0,684;33,99;1,902;-0,038;3,0;-0,282;66,38;2,300;2,256;-0,038;3,1;-1,221;33,36;2,353;2,244;-0,016;0,6;0,036;17,74;2,298;0,003;-0,7;107,9;42,2;;;;;
280;-0,18350;-0,07840;5,14;232,73;-0,672;36,31;1,896;-0,034;3,3;-0,278;67,93;2,301;2,252;-0,035;3,1;-1,211;36,28;2,357;2,234;-0,014;0,8;0,069;17,54;2,278;0,005;-0,7;107,7;47,5;;;;;
281;-0,18040;-0,07420;3,13;230,87;-0,682;34,90;1,897;-0,035;3,4;-0,290;65,16;2,300;2,254;-0,036;3,3;-1,203;37,57;2,354;2,247;-0,017;1,4;0,027;18,83;2,288;0,002;-0,1;108,5;42,3;;;;;
282;-0,18100;-0,07430;7,35;231,21;-0,685;33,69;1,903;-0,038;3,1;-0,282;65,77;2,302;2,259;-0,038;3,0;-1,209;34,77;2,353;2,245;-0,018;0,6;0,050;17,44;2,298;0,003;-0,9;108,3;42,4;;;;;
283;-0,18140;-0,07560;9,73;236,84;-0,682;32,80;1,914;-0,039;2,6;-0,287;65,29;2,305;2,267;-0,042;2,5;-1,197;35,38;2,352;2,266;-0,022;0,4;0,052;14,76;2,318;0,001;-1,3;107,6;33,6;;;;;
284;-0,17790;-0,07020;7,43;229,87;-0,691;34,38;1,904;-0,038;3,1;-0,284;66,03;2,301;2,257;-0,038;3,1;-1,214;33,02;2,355;2,249;-0,015;0,4;0,038;17,19;2,302;0,002;-0,7;107,9;41,8;;;;;
285;-0,20580;-0,10860;7,99;227,52;-0,660;32,97;1,898;-0,037;3,0;-0,255;67,14;2,300;2,246;-0,036;3,0;-1,145;35,12;2,344;2,272;-0,008;0,1;0,095;20,10;2,278;0,014;-1,2;108,3;46,3;;;;;
286;-0,17840;-0,03640;3,42;236,72;-0,689;36,59;1,896;-0,037;2,6;-0,306;68,53;2,307;2,252;-0,041;3,1;-1,256;34,47;2,362;2,239;-0,020;-0,2;0,027;18,96;2,285;0,001;-1,2;107,9;36,1;;;;;
287;-0,18900;-0,05860;2,94;235,45;-0,661;36,17;1,894;-0,033;2,1;-0,283;66,78;2,305;2,253;-0,033;2,3;-1,221;34,24;2,358;2,244;-0,013;-1,4;0,064;14,26;2,295;0,005;-1,2;108,4;31,4;;;;;
288;-0,22120;0,00386;2,00;210,40;-0,650;31,30;1,886;-0,029;2,2;-0,249;62,30;2,293;2,227;-0,030;2,5;-1,210;24,60;2,353;2,228;-0,009;0,4;0,055;15,30;2,259;0,002;-0,4;108,4;45,9;;;;;
289;-0,22000;0,00460;1,95;211,57;-0,652;31,34;1,889;-0,029;2,2;-0,251;62,49;2,294;2,226;-0,031;2,5;-1,206;24,51;2,351;2,228;-0,009;0,4;0,054;15,07;2,267;0,003;-0,5;108,7;46,1;;;;;
290;-0,18770;-0,03840;4,64;225,47;-0,676;33,51;1,889;-0,037;2,6;-0,284;64,19;2,302;2,244;-0,039;3,0;-1,191;32,03;2,350;2,247;-0,014;0,1;0,046;17,42;2,297;0,003;-0,9;107,3;37,0;;;;;
291;-0,19621;0,03118;0,80;238,90;-0,700;39,60;1,908;-0,031;4,1;-0,357;77,09;2,308;2,260;-0,042;1,8;-1,370;48,30;2,380;2,238;-0,024;1,4;-0,099;22,60;2,318;-0,012;-1,6;107,3;35,2;;;;;
292;-0,16130;0,01950;12,13;245,30;-0,720;39,30;1,927;-0,034;3,1;-0,333;73,65;2,344;2,291;-0,040;3,6;-1,290;34,35;2,379;2,298;-0,021;0,7;-0,037;22,47;2,339;-0,008;-2,1;106,9;34,4;;;;;
293;-0,13570;0,03240;40,53;256,39;-0,729;32,68;1,947;-0,022;1,5;-0,333;69,40;2,328;2,307;-0,026;1,9;-1,244;16,08;2,375;2,377;0,008;1,2;-0,040;0,64;2,326;0,016;-1,7;105,1;20,7;;;;;
294;-0,19060;-0,03930;7,24;213,70;-0,640;31,60;1,909;-0,030;2,9;-0,236;61,26;2,295;2,250;-0,030;1,9;-1,150;33,29;2,348;2,262;0,000;-1,1;0,094;19,39;2,262;0,012;-1,6;107,2;47,9;;;;;
295;-0,15124;0,01717;11,00;250,70;-0,722;41,70;1,923;-0,035;3,5;-0,358;77,80;2,324;2,284;-0,039;3,8;-1,340;39,90;2,392;2,280;-0,017;0,4;-0,070;17,60;2,340;-0,011;0,0;106,7;36,4;;;;;
296;-0,16170;0,00770;6,45;247,18;-0,711;45,04;1,923;-0,035;1,6;-0,320;79,54;2,314;2,277;-0,036;2,0;-1,259;43,65;2,367;2,293;-0,019;-0,6;-0,019;23,62;2,331;-0,003;-1,5;106,8;34,7;;;;;
297;-0,14535;0,02923;14,00;254,80;-0,710;40,50;1,934;-0,037;2,5;-0,347;76,64;2,323;2,275;-0,038;3,1;-1,300;34,70;2,387;2,302;-0,007;-2,6;-0,037;19,80;2,337;0,005;-1,8;106,4;26,2;;;;;
298;-0,17150;-0,01050;42,81;258,26;-0,681;27,90;1,961;-0,039;2,3;-0,298;65,84;2,324;2,296;-0,041;2,4;-1,151;21,01;2,372;2,307;-0,023;-0,3;0,010;-0,46;2,359;-0,003;-0,5;106,4;18,8;;;;;
299;-0,15710;-0,04650;27,46;252,12;-0,658;31,05;1,940;-0,021;0,2;-0,276;69,60;2,319;2,289;-0,023;0,7;-1,215;27,79;2,367;2,285;-0,004;-4,0;0,070;7,38;2,331;0,027;-4,3;104,2;29,9;;;;;
300;-0,16420;0,02360;7,02;240,51;-0,710;38,44;1,919;-0,024;-0,3;-0,335;72,74;2,316;2,275;-0,026;-0,1;-1,316;35,61;2,382;2,276;-0,008;-3,0;-0,054;15,48;2,332;0,002;-3,7;106,6;41,3;;;;;
301;-0,17220;0,01120;7,07;239,04;-0,736;40,24;1,914;-0,032;0,8;-0,344;74,59;2,314;2,271;-0,034;1,2;-1,314;38,56;2,381;2,275;-0,017;-1,8;-0,027;16,69;2,321;-0,003;-0,5;108,3;46,8;;;;;
302;-0,18550;-0,06760;2,92;225,68;-0,680;39,72;1,921;-0,017;4,0;-0,312;69,88;2,303;2,259;-0,024;3,8;-1,296;47,33;2,369;2,249;-0,003;2,0;-0,033;22,07;2,318;-0,001;1,5;108,0;43,6;;;;;
303;-0,15630;0,02340;34,70;255,64;-0,704;36,47;1,962;-0,016;1,8;-0,341;68,78;2,330;2,302;-0,001;-0,9;-1,267;27,20;2,383;2,345;0,015;-2,3;-0,047;4,32;2,327;0,023;-3,2;104,7;15,8;;;;;
304;-0,15830;0,02430;39,30;253,06;-0,724;33,83;1,937;-0,010;0,3;-0,327;67,45;2,329;2,310;-0,006;2,7;-1,303;30,42;2,387;2,324;0,007;-1,1;-0,037;4,21;2,328;0,028;-3,3;104,8;22,7;;;;;
305;-0,18440;-0,03610;3,47;216,71;-0,675;33,55;1,901;-0,036;1,3;-0,272;64,45;2,294;2,248;-0,038;1,3;-1,195;35,69;2,353;2,257;-0,013;-1,7;0,061;19,83;2,281;0,000;-2,9;108,2;51,8;;;;;
306;-0,18330;-0,05980;7,39;224,68;-0,640;36,15;1,913;-0,034;4,2;-0,259;62,41;2,302;2,258;-0,022;1,2;-1,177;33,00;2,355;2,269;-0,001;-1,2;0,077;17,42;2,281;0,011;-1,6;107,5;41,7;;;;;
307;-0,18710;-0,05030;5,74;215,89;-0,662;30,79;1,905;-0,034;3,1;-0,249;63,03;2,294;2,252;-0,034;2,6;-1,172;29,49;2,346;2,242;-0,009;3,3;0,100;19,22;2,272;0,009;-1,5;108,5;50,9;;;;;
308;-0,16130;-0,04670;12,22;249,84;-0,705;40,39;1,924;-0,034;3,5;-0,330;75,46;2,319;2,276;-0,036;3,8;-1,276;36,63;2,376;2,278;-0,019;0,9;-0,029;18,04;2,332;-0,005;0,3;106,5;39,6;;;;;
309;-0,16970;-0,02760;10,04;241,21;-0,719;35,96;1,917;-0,042;3,1;-0,331;69,89;2,314;2,271;-0,044;3,6;-1,276;33,14;2,372;2,269;-0,023;2,6;0,006;16,88;2,316;-0,004;-0,8;107,1;51,4;;;;;
310;-0,16310;-0,04790;34,29;249,38;-0,683;31,07;1,939;-0,020;0,8;-0,303;68,61;2,324;2,289;-0,024;1,3;-1,201;24,55;2,371;2,327;0,007;-0,8;0,037;1,98;2,334;0,039;-2,4;103,6;24,5;;;;;
311;-0,16210;-0,05040;16,27;251,05;-0,676;33,52;1,932;-0,036;4,9;-0,317;70,31;2,326;2,284;-0,040;5,3;-1,220;30,82;2,372;2,309;-0,013;1,0;-0,016;12,65;2,345;-0,002;0,2;104,8;33,3;;;;;
312;-0,18110;-0,06370;20,50;230,65;-0,636;26,72;1,920;-0,010;-0,3;-0,255;60,58;2,308;2,271;-0,018;1,3;-1,155;26,24;2,352;2,279;0,013;-2,1;0,103;9,74;2,307;0,025;-3,0;107,1;35,5;;;;;
313;-0,18520;-0,04620;2,77;241,21;-0,669;39,88;1,925;-0,012;2,6;-0,311;70,76;2,313;2,273;-0,019;2,8;-1,265;42,43;2,371;2,282;0,007;-1,0;-0,009;18,53;2,319;0,005;0,3;108,6;33,9;;;;;
314;-0,19410;0,01750;2,85;232,11;-0,689;40,07;1,918;-0,030;4,6;-0,320;72,30;2,308;2,269;-0,029;4,7;-1,339;42,61;2,378;2,266;-0,016;2,2;-0,069;18,16;2,319;-0,010;1,1;107,5;34,5;;;;;
315;-0,18480;0,00430;6,22;230,47;-0,708;37,05;1,906;-0,034;2,7;-0,309;69,95;2,304;2,253;-0,035;3,0;-1,274;33,66;2,367;2,253;-0,018;0,3;-0,020;17,47;2,309;-0,002;-0,5;107,8;38,6;;;;;
316;-0,19350;-0,07970;2,75;211,31;-0,624;29,45;1,944;-0,005;3,6;-0,260;62,36;2,303;2,266;0,005;3,0;-1,250;39,87;2,367;2,258;0,004;1,6;0,039;16,74;2,324;-0,005;1,3;109,7;45,5;;;;;
317;-0,16380;0,02230;34,68;255,41;-0,687;38,66;1,968;-0,012;1,3;-0,313;77,80;2,324;2,306;-0,013;2,2;-1,247;26,48;2,385;2,357;0,020;-1,4;-0,039;8,46;2,327;0,019;-1,0;104,5;7,1;;;;;
318;-0,16650;0,01580;21,27;253,66;-0,691;41,78;1,943;-0,030;4,5;-0,339;74,45;2,325;2,297;-0,027;6,2;-1,300;34,07;2,386;2,310;-0,008;1,4;-0,048;15,06;2,321;-0,003;1,6;106,2;16,8;;;;;
319;-0,17910;-0,01920;4,06;218,64;-0,684;34,83;1,894;-0,033;2,8;-0,281;65,92;2,297;2,247;-0,035;3,1;-1,221;34,37;2,356;2,245;-0,014;0,2;0,041;19,80;2,275;0,002;-1,2;107,6;46,4;;;;;
320;-0,17730;-0,06170;7,09;235,51;-0,645;38,82;1,924;-0,032;4,6;-0,283;65,55;2,309;2,269;-0,018;2,0;-1,196;32,55;2,361;2,279;0,000;-0,3;0,042;17,44;2,305;0,004;-0,4;107,9;37,9;;;;;
321;-0,18160;-0,04910;3,58;220,04;-0,653;31,63;1,892;-0,037;3,0;-0,250;61,07;2,295;2,246;-0,040;2,8;-1,191;33,31;2,347;2,239;-0,018;0,3;0,118;18,47;2,268;0,006;-2,1;109,1;48,7;;;;;
322;-0,16500;-0,05580;10,68;247,91;-0,692;39,91;1,930;-0,030;3,8;-0,330;75,10;2,320;2,279;-0,035;4,3;-1,275;37,60;2,381;2,292;-0,013;1,3;-0,027;18,73;2,338;-0,005;0,9;107,5;43,3;;;;;
323;-0,19100;-0,03550;7,64;231,44;-0,683;31,99;1,900;-0,034;1,9;-0,306;64,53;2,308;2,256;-0,037;1,6;-1,251;30,93;2,364;2,249;-0,017;-1,6;0,053;12,37;2,284;0,007;-2,5;107,2;49,7;;;;;
324;-0,15770;-0,03920;36,93;249,69;-0,680;33,54;1,955;-0,011;1,3;-0,303;70,63;2,323;2,301;-0,013;2,0;-1,239;29,66;2,376;2,343;0,015;-2,6;-0,018;4,46;2,329;0,021;-2,3;104,3;8,1;;;;;
325;-0,16530;-0,06710;13,80;254,36;-0,658;35,12;1,935;-0,028;2,7;-0,291;72,57;2,323;2,279;-0,025;2,5;-1,207;29,91;2,370;2,321;-0,014;3,9;0,022;11,95;2,330;0,007;-0,9;107,9;30,4;;;;;
326;-0,17180;-0,05990;14,04;247,21;-0,637;31,57;1,935;-0,017;0,8;-0,274;68,19;2,317;2,270;-0,018;0,7;-1,176;26,60;2,362;2,304;0,002;0,4;0,060;14,20;2,321;0,012;-1,8;109,7;43,2;;;;;
327;-0,18860;0,00590;2,54;231,14;-0,713;36,86;1,913;-0,037;0,7;-0,304;69,83;2,306;2,253;-0,038;3,0;-1,316;42,23;2,375;2,237;-0,028;-0,3;-0,038;17,85;2,310;-0,006;-2,6;107,7;51,8;;;;;
328;-0,16770;0,00690;4,39;240,15;-0,707;38,25;1,919;-0,040;2,8;-0,321;72,65;2,313;2,268;-0,040;3,2;-1,337;44,58;2,378;2,252;-0,030;1,8;-0,043;16,33;2,330;-0,009;0,2;107,8;42,8;;;;;
329;-0,17700;-0,04350;2,82;239,19;-0,680;38,95;1,910;-0,030;3,6;-0,313;72,39;2,311;2,256;-0,034;4,0;-1,306;43,60;2,376;2,236;-0,024;2,4;-0,001;19,82;2,300;-0,006;0,5;107,6;49,3;;;;;
330;-0,16660;-0,04650;6,81;242,58;-0,684;39,23;1,915;-0,033;3,6;-0,317;73,48;2,315;2,263;-0,036;4,0;-1,268;37,48;2,374;2,263;-0,018;1,0;-0,001;18,31;2,310;-0,006;0,1;106,4;50,3;;;;;
331;-0,20490;-0,05860;7,98;216,54;-0,643;30,11;1,900;-0,038;3,3;-0,242;61,57;2,295;2,252;-0,040;3,1;-1,163;30,39;2,348;2,245;-0,018;-0,4;0,131;17,48;2,270;0,013;-2,1;107,0;72,5;;;;;
332;-0,22800;-0,10550;2,41;203,80;-0,603;28,61;1,930;0,000;1,0;-0,232;60,26;2,301;2,250;0,003;0,8;-1,197;31,08;2,362;2,257;0,002;0,5;0,080;18,02;2,310;0,004;-0,8;112,2;44,0;;;;;
333;-0,21240;-0,10830;2,62;210,87;-0,596;27,89;1,934;0,005;1,0;-0,229;60,29;2,301;2,256;0,009;0,7;-1,158;28,97;2,363;2,268;0,005;-0,1;0,114;18,74;2,303;0,006;-1,0;111,6;41,7;;;;;
334;-0,16530;0,01120;4,83;244,60;-0,716;41,00;1,914;-0,036;2,3;-0,343;75,07;2,316;2,268;-0,039;2,3;-1,340;45,94;2,383;2,254;-0,029;1,4;-0,058;18,89;2,318;-0,009;-0,9;107,2;41,1;;;;;
335;-0,18330;-0,03700;2,76;236,46;-0,667;38,70;1,912;-0,028;3,0;-0,297;71,42;2,308;2,257;-0,030;3,1;-1,276;41,53;2,372;2,254;-0,024;2,1;-0,007;19,34;2,304;-0,008;0,7;108,4;35,3;;;;;
336;-0,17230;-0,03740;8,66;239,14;-0,672;37,84;1,921;-0,024;2,8;-0,289;71,50;2,313;2,270;-0,025;3,1;-1,252;32,19;2,368;2,279;-0,012;0,5;0,024;14,00;2,320;0,000;0,1;108,0;36,3;;;;;
337;-0,13480;0,02620;11,70;270,83;-0,716;40,91;1,933;-0,049;2,3;-0,350;76,56;2,322;2,279;-0,053;3,1;-1,308;34,90;2,378;2,301;-0,032;-0,8;-0,043;17,98;2,338;-0,022;-1,1;108,2;31,6;;;;;
338;-0,13880;0,02150;30,49;276,02;-0,732;40,41;1,946;-0,046;2,3;-0,348;78,98;2,331;2,294;-0,054;2,2;-1,275;36,74;2,383;2,335;-0,034;-1,7;-0,022;14,70;2,381;-0,010;-2,3;106,3;26,8;;;;;
339;-0,19850;-0,06180;2,97;219,26;-0,627;32,73;1,904;-0,029;5,6;-0,483;61,64;2,301;2,260;-0,036;3,7;-1,178;36,02;2,350;2,239;-0,004;3,3;0,111;18,80;2,283;0,022;1,9;108,2;39,8;;;;;
340;-0,19950;-0,05280;7,12;228,78;-0,642;35,27;1,927;-0,027;2,7;-0,519;69,11;2,308;2,268;-0,024;3,1;-1,187;33,63;2,364;2,298;-0,003;0,4;0,054;15,74;2,314;0,017;-0,8;106,8;27,4;;;;;
341;-0,18850;-0,00890;5,43;240,02;-0,689;39,55;1,917;-0,025;3,0;-0,307;73,72;2,313;2,268;-0,023;3,4;-1,252;34,78;2,373;2,290;-0,008;0,9;-0,026;17,46;2,325;0,003;0,1;107,2;22,7;;;;;
342;-0,18490;-0,06290;5,26;227,75;-0,660;37,27;1,934;-0,010;1,1;-0,290;71,20;2,309;2,273;-0,004;1,1;-1,265;39,25;2,368;2,280;0,011;-1,1;0,014;13,25;2,334;-0,003;0,8;108,5;42,6;;;;;
343;-0,19780;-0,07000;12,34;238,85;-0,632;32,08;1,956;-0,014;1,6;-0,275;69,17;2,311;2,284;-0,015;1,7;-1,205;31,73;2,361;2,323;0,005;0,2;0,031;12,02;2,353;0,006;-2,0;108,2;21,5;;;;;
344;-0,18730;-0,05200;11,02;236,55;-0,668;35,99;1,924;-0,025;3,1;-0,293;71,09;2,311;2,275;-0,028;3,3;-1,222;33,18;2,367;2,292;-0,005;0,4;0,036;17,68;2,313;0,005;-0,9;106,5;47,3;;;;;
345;-0,19630;-0,07040;13,42;227,96;-0,651;29,28;1,922;-0,018;3,2;-0,258;66,71;2,308;2,261;-0,028;3,2;-1,176;34,02;2,358;2,286;0,001;-0,3;0,081;14,56;2,305;0,011;-1,5;107,4;47,9;;;;;
346;-0,19980;-0,07990;7,98;227,29;-0,637;31,56;1,914;-0,023;2,8;-0,256;65,30;2,304;2,265;-0,024;2,7;-1,179;33,68;2,353;2,262;-0,007;-0,5;0,086;15,47;2,300;0,011;-0,9;107,9;51,4;;;;;
347;-0,17240;-0,05250;17,21;237,09;-0,716;33,09;1,907;-0,036;3,6;-0,317;64,43;2,311;2,274;-0,037;3,0;-1,200;32,28;2,358;2,272;-0,011;-1,2;0,038;16,20;2,318;0,006;-1,5;107,7;60,3;;;;;
348;-0,16980;-0,06710;4,14;239,45;-0,671;36,11;1,900;-0,037;4,3;-0,289;71,96;2,315;2,258;-0,038;4,0;-1,213;35,38;2,371;2,255;-0,017;1,2;0,058;18,15;2,282;0,002;-0,1;107,3;51,8;;;;;